-- phpMyAdmin SQL Dump
-- version 4.8.2
-- https://www.phpmyadmin.net/
--
-- Хост: 127.0.0.1
-- Время создания: Фев 15 2020 г., 13:27
-- Версия сервера: 10.1.34-MariaDB
-- Версия PHP: 7.2.7

SET SQL_MODE = "NO_AUTO_VALUE_ON_ZERO";
SET AUTOCOMMIT = 0;
START TRANSACTION;
SET time_zone = "+00:00";


/*!40101 SET @OLD_CHARACTER_SET_CLIENT=@@CHARACTER_SET_CLIENT */;
/*!40101 SET @OLD_CHARACTER_SET_RESULTS=@@CHARACTER_SET_RESULTS */;
/*!40101 SET @OLD_COLLATION_CONNECTION=@@COLLATION_CONNECTION */;
/*!40101 SET NAMES utf8mb4 */;

--
-- База данных: `dbroad`
--

-- --------------------------------------------------------

--
-- Структура таблицы `articles`
--

CREATE TABLE `articles` (
  `id` bigint(20) UNSIGNED NOT NULL,
  `title` varchar(191) COLLATE utf8mb4_unicode_ci NOT NULL,
  `excerpt` longtext COLLATE utf8mb4_unicode_ci,
  `body` longtext COLLATE utf8mb4_unicode_ci NOT NULL,
  `youtube` longtext COLLATE utf8mb4_unicode_ci,
  `img_avatar` longtext COLLATE utf8mb4_unicode_ci,
  `date_advice` date DEFAULT NULL,
  `date_advice_end` date DEFAULT NULL,
  `status` tinyint(1) DEFAULT NULL,
  `meta_description` varchar(191) COLLATE utf8mb4_unicode_ci DEFAULT NULL,
  `meta_keywords` varchar(191) COLLATE utf8mb4_unicode_ci DEFAULT NULL,
  `id_user` bigint(20) UNSIGNED NOT NULL,
  `id_type` bigint(20) UNSIGNED NOT NULL,
  `created_at` timestamp NULL DEFAULT NULL,
  `updated_at` timestamp NULL DEFAULT NULL
) ENGINE=InnoDB DEFAULT CHARSET=utf8mb4 COLLATE=utf8mb4_unicode_ci;

--
-- Дамп данных таблицы `articles`
--

INSERT INTO `articles` (`id`, `title`, `excerpt`, `body`, `youtube`, `img_avatar`, `date_advice`, `date_advice_end`, `status`, `meta_description`, `meta_keywords`, `id_user`, `id_type`, `created_at`, `updated_at`) VALUES
(14, 'ДО КІНЦЯ РОКУ В ОБЛАСТІ ЗАПЛАНОВАНО ВІДРЕМОНТУВАТИ МАЙЖЕ 60 КМ АВТОМОБІЛЬНИХ ДОРІГ', 'На автодорогах загального користування місцевого значення продовжуються роботи з ремонту покриття та експлуатаційного утримання.\r\n\r\nОсоблива увага приділена ремонту ділянок доріг із найбільшою інтенсивністю руху транспорту з урахуванням напрямків руху шкільних автобусів, місць розташування закладів освіти та охорони здоров’я, а також ремонту ділянок доріг, по яких місцеві громади прийняли рішення про співфінансування ремонтних робіт.', '<p>На автодорогах загального користування місцевого значення продовжуються роботи з ремонту покриття та експлуатаційного утримання.</p>\r\n\r\n<p>Особлива увага приділена ремонту ділянок доріг із найбільшою інтенсивністю руху транспорту з урахуванням напрямків руху шкільних автобусів, місць розташування закладів освіти та охорони здоров&rsquo;я, а також ремонту ділянок доріг, по яких місцеві громади прийняли рішення про співфінансування ремонтних робіт.</p>\r\n\r\n<p>За інформацією Департаменту промисловості та розвитку інфраструктури облдержадміністрації, на сьогодні укладено 100% - 22 договори на виконання робіт з поточного середнього ремонту. Загалом заплановано відремонтувати поточним середнім ремонтом 57,6 км автомобільних доріг.&nbsp;&nbsp;</p>\r\n\r\n<p>Завершено виконання робіт з ремонту покриття на 17 об&rsquo;єктах загальною протяжністю 45,1 км (78%):</p>\r\n\r\n<ul>\r\n	<li>у Запорізькому районі на автодорозі О080789 Запоріжжя &ndash; Біленьке протяжністю 10,4 км;</li>\r\n	<li>у Великобілозерському районі на автодорозі О080307 Велика Білозерка &ndash; Верхній Рогачик протяжністю 0,5 км;</li>\r\n	<li>у Приморському районі на автодорозі О081664 Болгарка &ndash; Новоолексіївка &ndash; Орлівка &ndash; Ботієве протяжністю 1,7 км уу селі В&rsquo;ячеславка;</li>\r\n	<li>у Приазовському районі на автодорозі С081504 Строганівка &ndash; хлібоприймальний пункт на ділянці протяжністю 3,7 км;</li>\r\n	<li>у Веселівському районі на автодорозі С080407 Новоуспенівка &ndash; Братолюбівка - /Т-08-05/, на ділянці протяжністю 1,9 км в селі Братолюбівка;</li>\r\n	<li>у Якимівському районі на дорозі О082086 Якимівка &ndash; Новоданилівка &ndash; Тарійське &ndash; Петрівка на ділянці протяжністю 2,0 км поблизу села Новоданилівка;</li>\r\n	<li>у Розівському районі на дорозі О080925 Комиш-Зоря &ndash; Кузнецівка &ndash; Зачатівка на ділянці протяжністю 0,8 км у с. Азов;</li>\r\n	<li>у Мелітопольському районі по автодорозі О081870 Молочанськ-Старобогданівка-Троїцьке-Терпіння-Трудове на ділянці протяжністю 2,2 км;</li>\r\n	<li>у Пологівському районі на автодрозі О080615 Гуляйполе &ndash; Марфопіль &ndash; Новоселівка &ndash; Тернове на ділянці протяжністю 2,4 км поблизу села Шевченко;</li>\r\n	<li>у Бердянському районі на автодорозі О081662 Приморськ &ndash; Борисівка&nbsp; - Єлизаветівка &ndash; Андріївка &ndash; Берестове на ділянці 5,0 км;</li>\r\n	<li>у Михайлівському районі на дорозі О080206 /Н-30/ &ndash; Українка &ndash; Любимівка &ndash; станція Бурчацьк на ділянці протяжністю 2,3 км (виконуються роботи з уставнолення дорожніх знаків);</li>\r\n	<li>у Василівському районі на автодорозі О080288 Василівка &ndash; Дніпрорудне &ndash; /Р-37/ на ділянці протяжністю 1,9 км (виконуються роботи з ремонту узбіччя, вставнолення дорожніх знаків та барєрної огорожі);</li>\r\n	<li>у Гуляйпільському районі по автодорозі О081238 Терсянка &ndash; Тернувате &ndash; Верхня Терса &ndash; станціія Залізничне поблизу с. Залізничне на ділянці протяжністю 2,8 км;</li>\r\n	<li>у Новомиколаївському районі по автодорозі О081237 Новомиколаївка &ndash; Сторчове &ndash; Максимівка &ndash; Михайло-Лукашево на ділянці протяжністю&nbsp;&nbsp; 2,5 км;</li>\r\n	<li>в Оріхівському районі на автодорозі О081349 Оріхів &ndash; Мирне &ndash; Молочанськ на ділянці протяжністю 1,5 км;</li>\r\n	<li>в Оріхівському районі та автодорозі С081302 Долинка &ndash; Мирне на ділянці протяжністю 0,8 км;</li>\r\n	<li>у Чернігівському районі по автодорозі О081979 Просторе - Ільїне &ndash; Маківка, поблизу с. Тарасівка на ділянці протяжністю 2,7 км.&nbsp;</li>\r\n</ul>\r\n\r\n<p>Крім цього, триває поточний середній ремонт ділянок доріг у п&rsquo;яти районах на об&rsquo;єктах:</p>\r\n\r\n<ul>\r\n	<li>у Бердянському районі на автодорозі О081491 Пологи &ndash; Кінські Роздори &ndash; Андріївка &ndash; Нововасилівка &ndash; Бердянськ на ділянці протяжністю 3,7 км по селу Успенівка та в бік м. Бердянськ;</li>\r\n	<li>у Більмацькому районі по автодорозі О081491 Пологи &ndash; Кінські Роздори &ndash; Андріївка &ndash; Нововасилівка &ndash; Бердянськ на ділянці протяжністю 1,6 км;</li>\r\n	<li>по вул. Ломоносова в місті Мелітополь на ділянці протяжністю 2,7 км;</li>\r\n	<li>у Вільнянському районі на автодорозі С080513 /Н-15/ &ndash; Вільнянськ &ndash; /Н-15/, км 7+785 &ndash; км 9+610 в районі м. Вільнянськ на ділянці 1,7 км;</li>\r\n	<li>у Токмацькому районі на автодорозі О081349 Оріхів &ndash; Мирне &ndash; Молочанськ у районі села Новогорівка на ділянці протяжністю 1,4 км.&nbsp;</li>\r\n</ul>\r\n\r\n<p>Виконано роботи з ремонту дорожнього покриття автомобільних доріг загального&nbsp; користування місцевого значення за рахунок коштів на експлуатаційне утримання на загальній площі 278 001 м&sup2; або 100% від запланованих.</p>\r\n\r\n<p>Аварійні роботи з ремонту дорожнього покриття гарячою асфальтобетонною сумішшю суцільними ділянками виконано на загальній площі 92 263&nbsp; м&sup2;.</p>\r\n\r\n<p>Ліквідовано ямковість пневмоструменевим методом на загальній&nbsp; площі&nbsp; 148 279 м&sup2;, виконано ямковий ремонт асфальтобетонною сумішшю на загальній площі&nbsp; 37 459 м&sup2;.</p>\r\n\r\n<p>На поточному тижні працюють 11 пневмоструменевих машин у Михайлівському, Оріхівському, Мелітопольському, Василівському, Бердянському та Чернігівському районах на дорогах місцевого значення.</p>\r\n\r\n<p>За минулий тиждень відремонтовано за рахунок експлуатаційного утримання дорожнє покриття місцевої мережі на площі 6 871 м&sup2;.</p>\r\n\r\n<p>Продовжуються роботи з планування узбіч для забезпечення водовідводу з покриття дороги, з покосу трав на узбіччях доріг механізованим та ручним способом.&nbsp;</p>\r\n\r\n<p>Для покращення стану безпеки дорожнього руху проводяться роботи з установлення та заміни дорожніх знаків, у першу чергу, на аварійно небезпечних ділянках доріг та на підходах до залізничних переїздів, нанесення горизонтальної дорожньої розмітки.</p>\r\n\r\n<p>&nbsp;</p>\r\n\r\n<p>Департамент інформаційної діяльності та комунікацій з громадськістю</p>', 'https://www.youtube.com/embed/95VpQkqp6xg', 'test4.jpg_1580720715.jpg', '2020-01-09', NULL, 1, 'дес', 'пра', 2, 1, '2020-01-09 14:39:01', '2020-02-10 14:29:18'),
(15, 'У 2019 РОЦІ В ЗАПОРІЗЬКІЙ ОБЛАСТІ ВІДНОВЛЕНО 57 КМ МІСЦЕВИХ ТА КОМУНАЛЬНИХ ДОРІГ', '<p><em>За підсумками року ДП &laquo;Місцеві дороги Запорізької області&raquo; було прийнято 100% робіт з поточного середнього ремонту на суму 353 мільйони 132 тисячі гривень. Що складає 99% від суми договорів. Тобто, було завершено виконання поточного середнього ремонту на всіх 22 об&rsquo;єктах ПСР, у тому числі на місцевих дорогах 54,3 км, (346 234 м&sup2;), на комунальних дорогах 2,7 км (42&nbsp;588 м&sup2;).</em></p>', '<p>Поточний середній ремонт (ПСР) це необхідне і важливе відновлення автошляху. Аби після проведених робіт дорога відповідала нормативним вимогам і показникам. Якщо говорити простіше ПСР - це виправлення незначних пошкоджень окремих елементів автодороги (земляного полотна, укосів виїмок та насипів, водовідведення, штучних споруд та ін.) і доведення елементів облаштування до нормативів.</p>\r\n\r\n<p>&nbsp;</p>\r\n\r\n<p>Досить поширеною є думка, що практика &laquo;латання дір&raquo; - не потрібна. Мовляв, краще робити капітально і на роки. Проте, бюджетних грошей не вистачає на швидке відновлення головних доріг міжнародного, національного чи регіонального значення. І щороку доводиться обирати найбільш важливі напрямки. Що ж тоді говорити про автомобільні дороги загального користування місцевого значення, вулиці і дороги комунальної власності? Скільки років мине поки кошти та натхнення дійдуть до невеличких доріг у райцентрах та селах?</p>\r\n\r\n<p>&nbsp;</p>\r\n\r\n<p>Так, місцевими дорогами їздить значно менша кількість людей, ніж національними автомагістралями. Та цими дорогами пересуваються діти до школи, а хворі до лікарень. Завдяки місцевим дорогам на полицях магазинів з&rsquo;являються товари, а зібраний врожай потрапляє до споживача. У решті решт це ті дороги, які сполучають рідню між містами та селами.</p>\r\n\r\n<p>&nbsp;</p>\r\n\r\n<p>Тож, поточний середній ремонт в умовах сьогодення є дійсно необхідною практикою. Так, його проведення вимагає коштів і роботи зазвичай проводяться за кошти держбюджету. Та в будь-якому разі дороги, які потрібно відновити обираються з урахуванням пропозицій влади на місцях.</p>\r\n\r\n<p>&nbsp;</p>\r\n\r\n<p>Власне ДП &laquo;Місцеві дороги Запорізької області&raquo; виступає замовником цих робіт, організовує та проводить публічні закупівлі, а також забезпечує здійснення технічного нагляду.</p>\r\n\r\n<p>&nbsp;</p>\r\n\r\n<p>З першого січня 2018 року автодороги загального користування місцевого значення в межах Запорізької області були передані на баланс облдержадміністрації. І з 1 липня 2019 року місцеві автошляхи підпорядковані ДП &laquo;Місцеві дороги Запорізької області&raquo;. За 2019 рік підприємством було заплановано проведення поточного середнього ремонту на 22 об&rsquo;єктах. А саме на 21 об&rsquo;єкті на дорогах місцевого значення та 1 об&rsquo;єкті комунальної дороги (м. Мелітополь, вул. Ломоносова).</p>\r\n\r\n<p>&nbsp;</p>\r\n\r\n<p>У 2019 році роботи з поточного середнього ремонту виконувались у&nbsp; Запорізькому районі на 10,4 км автодороги <em>О080789 Запоріжжя &ndash; Біленьке</em>. У Великобілозерському районі поточний середній ремонт проведено на 0,5 км автодороги <em>О080307 Велика Білозерка &ndash; Верхній Рогачик</em>. У Приморському районі оновлено 1,7 км в селі В&rsquo;ячеславка на дорозі О081664 Болгарка &ndash; Новоолексіївка &ndash; Орлівка &ndash; Ботієве. Ще 3,7 км автодороги <em>С081504</em> Строганівка <em>&ndash;</em> Хлібоприймальний пункт відновлено у Приазовському районі. У с. Братолюбівка Веселівського району поточний середній ремонт проведено на 1,9 км дороги <em>С080407 Новоуспенівка &ndash; Братолюбівка &ndash; /Т-08-05/</em>. В Якимівському районі, поблизу села Новоданилівка відновлено 2 км автошляху <em>О082086 Якимівка &ndash; Новоданилівка &ndash; Таврійське &ndash; Петрівка</em>. У Мелітопольському районі поточний середній ремонт проведено на&nbsp; 2,2 км автодороги <em>О081870 Молочанськ-Старобогданівка-Троїцьке-Терпіння-Трудове</em>. Також у 2019 році відремонтовано 2,3 км автодороги <em>О080206 /Н-30/ &ndash; Українка &ndash; Любимівка &ndash; станція Бурчацьк, </em>що у Михайлівському районі. У Розівському районі поблизу села Азов відновлено 0,8 км дороги <em>О080925 Комиш-Зоря &ndash; Кузнецівка &ndash; Зачатівка</em>. У Пологівському районі між селами Шевченка та Федорівка проведено ремонт 2,4 км автошляху <em>О080615 Гуляйполе &ndash; Марфопіль &ndash; Новоселівка &ndash; Тернове</em>. Приведено у відповідний стан 1,9 км дороги <em>О080288 Василівка &ndash; Дніпрорудне &ndash; /Р-37/ </em>що у Василівському районі. У Бердянському районі відремонтовано 5 км автодороги <em>О081662 Приморськ &ndash; Борисівка - Єлизаветівка &ndash; Андріївка &ndash; Берестове</em>. У Гуляйпільському районі поблизу ст. Залізничне поточний середній ремонт проведено на 2,8 км дороги <em>О081238 Терсянка &ndash; Тернувате &ndash; Верхня Терса &ndash; станція Залізничне</em>. У Новомиколаївському районі відновлено 2,5 км автошляху <em>О081237 Новомиколаївка &ndash; Сторчове &ndash; Максимівка &ndash; Михайло-Лукашево</em>. Також у 2019 році підрядними організаціями проведено виправлення пошкоджень на 1,5 км автодороги <em>О081349 Оріхів &ndash; Мирне &ndash; Молочанськ в</em> Оріхівському районі. Ще одна дорога, відновлена в Оріхівському районі - 0,8 км <em>С081302 Долинка &ndash; Мирне</em>. У Чернігівському районі поблизу села Тарасівка проведено ремонт 2,7 км автодороги <em>О081979 Просторе - Ільїне &ndash; Маківка</em>. У Більмацькому районі відновлено 1,6 км автодороги <em>О081491 Пологи &ndash; Кінські Роздори &ndash; Андріївка &ndash; Нововасилівка &ndash; Бердянськ</em>. У Бердянському районі поточний середній ремонт проведено на 3,1 км автодороги <em>О081491 Пологи &ndash; Кінські Роздори &ndash; Андріївка &ndash; Нововасилівка &ndash; Бердянськ</em>, по селу Успенівка та в бік м. Бердянськ. У Токмацькому районі відновлено 2,8 км автошляху <em>О081349 Оріхів &ndash; Мирне &ndash; Молочанськ</em>, в районі села Новогорівка. Крім цього, поточний середній ремонт виконано на комунальній дорозі по <em>вул. Ломоносова в </em><em>місті Мелітополь</em> площею 42 588 <em>м&sup2;</em>. А у Вільнянському районі біля м. Вільнянськ відновлено ділянку 1,7 км на автодорозі <em>С080513 /Н-15/ &ndash; Вільнянськ &ndash; /Н-15/</em>, км 7+785 &ndash; км 9+610.</p>\r\n\r\n<p>&nbsp;</p>\r\n\r\n<p>Загалом у 2019 році ДП &laquo;Місцеві дороги Запорізької області&raquo; було укладено 22 договори на всі об&rsquo;єкти на суму 356&nbsp;мільйонів 60,5 тисяч гривень. За підсумками року було прийнято 100% робіт з поточного середнього ремонту на суму 353 мільйони 132 тисячі гривень. Що складає 99% від суми договорів. Тобто, було завершено виконання поточного середнього ремонту на всіх об&rsquo;єктах поточного середнього ремонту, у тому числі на місцевих дорогах 54,3 км, (346 234 &nbsp;<em>м&sup2;</em>), на комунальних дорогах 2,7 км (42&nbsp;588 <em>м&sup2;</em>).</p>\r\n\r\n<p>&nbsp;</p>\r\n\r\n<p>Загалом у 2019 році в Запорізькій області поточним середнім ремонтом відновлено 57 км місцевих та комунальних доріг, якими щодня пересуваються жителі та гості Запорізького краю.</p>', '', 'test5.jpg_1580720753.jpg', '2020-02-03', NULL, 1, 'В Запорізькій області відновлені місцеві та комунальні дороги', 'місцеві комунальні', 3, 1, '2020-01-10 12:07:01', '2020-02-06 14:04:02'),
(16, 'У зв\'язку з переміщенням по території Запорізької області активного західного циклону, з 05 лютого очікується ускладнення погодних умов.', 'Складні погодні умови 05-06 лютого відповідають І рівню небезпечності (жовтому). Такі погодні умови можуть призвести до порушення та припинення руху транспорту на окремих ділянках доріг і вулиць та  інші збитки.', '<p><strong>&nbsp;</strong><strong>05 лютого&nbsp;</strong>значні опади, переважно у вигляді дощу, вітер південно-східний&nbsp; 7-12 м/с, пориви 17-22 м/с, температура повітря вночі від 2&deg; морозу до 3о&nbsp;тепла, &nbsp; &nbsp; &nbsp; &nbsp; &nbsp; &nbsp; &nbsp; &nbsp; &nbsp; &nbsp; &nbsp; &nbsp; &nbsp; вдень 1-6&deg; тепла.</p>\r\n\r\n<p><strong>06 лютого&nbsp;</strong>помірний мокрий сніг, вночі місцями значний мокрий сніг, місцями налипання мокрого снігу, на дорогах ожеледиця, вітер північний 7-12 м/с, пориви 15-20 м/с, температура повітря впродовж доби&nbsp; від 4&deg; морозу до 1о&nbsp;тепла.</p>\r\n\r\n<p><strong>&nbsp;</strong><strong>07-08 лютого&nbsp;</strong>часом невеликий сніг, на дорогах ожеледиця, температура повітря знизиться:</p>\r\n\r\n<ul>\r\n	<li>07 лютого вночі &nbsp;2-7&deg; морозу, вдень до&nbsp; 4&deg; морозу - 1о&nbsp;тепла,</li>\r\n	<li>08 лютого вночі 5-10&deg; морозу, вдень&nbsp; 2-7&deg; морозу.</li>\r\n</ul>\r\n\r\n<p>Складні погодні умови 05-06 лютого відповідають&nbsp;<strong>І рівню небезпечності</strong>&nbsp;<strong>(жовтому).</strong>&nbsp;Такі погодні умови можуть призвести до пошкодження дахів та електричних мереж, руйнування будівельних конструкцій, порушення та припинення руху транспорту на окремих ділянках доріг і вулиць та&nbsp; інші збитки.&nbsp;&nbsp;&nbsp;&nbsp;&nbsp;&nbsp;&nbsp;&nbsp;&nbsp;</p>\r\n\r\n<p>Згідно прогнозу Маріупольської гідрометеорологічної обсерваторії висота хвиль на акваторії Азовського моря сягатиме: 05 лютого&nbsp; 7-12 дм, 06 лютого 13-20 дм.</p>', '', 'unnamed.jpg_1580902312.jpg', '2020-01-31', '2020-02-18', 1, 'dasd', 'dasd', 2, 2, '2020-01-15 14:31:51', '2020-02-10 17:00:54'),
(18, 'Понад 300 км² доріг Запорізької області охоплені роботами з  експлуатаційного утримання', '<p><em>Станом на 1 січня 2020 року фахівцями ДП &laquo;Місцеві дороги Запорізької області&raquo; прийнято роботи на суму 164</em><strong><em> </em></strong><em>мільйони 285,2</em><strong><em> </em></strong><em>тисячі гривень. За ці кошти було проведено аварійний ремонт дорожнього покриття гарячою асфальтобетонною сумішшю; ямковий ремонт пневмоструменевим методом та асфальтобетонною сумішшю; </em><em>ремонт штучних споруд; </em><em>планування узбіч; встановлення та заміну дорожніх знаків; нанесення горизонтальної дорожньої розмітки, а також озеленення.</em></p>', '<p>Одним із завдань ДП &laquo;Місцеві дороги Запорізької області&raquo; є забезпечення безпечних умов для учасників дорожнього руху шляхом виконання робіт з будівництва, реконструкції, ремонту та утримання автомобільних доріг загального користування місцевого значення та здійснення контролю за якістю виконаних робіт.</p>\r\n\r\n<p>&nbsp;</p>\r\n\r\n<p>У 2019 році на замовлення ДП &laquo;Місцеві дороги Запорізької області&raquo; було укладено 58 договорів з експлуатаційного утримання на суму 172 мільйони 508 тисяч гривень. Станом на 1 січня 2020 року фахівцями підприємства прийнято роботи на суму 164<strong> </strong>мільйони 285,2<strong> </strong>тисячі гривень, у т. ч. за рахунок співфінансування з місцевих бюджетів на суму 10 мільйонів 648,8 тисячі гривень.</p>\r\n\r\n<p>&nbsp;</p>\r\n\r\n<p>За ці кошти було виконано ремонтні роботи на загальній площі<strong> </strong>302 888 м&sup2;, у т. ч. 34 569 м&sup2; за рахунок співфінансування. Зокрема, було проведено аварійний ремонт дорожнього покриття гарячою асфальтобетонною сумішшю суцільними ділянками на загальній площі 105 492<strong> </strong>м&sup2;. Цей вид ремонту передбачає досить ґрунтовне відновлення автошляху. Зокрема, ліквідацію вибоїн, усунення осідань, напливів, зсувів та інших деформацій і руйнувань, відновлення шорсткості поверхні вдосконалених покриттів на невеликих площах; усунення окремих пошкоджень ґрунтового насипу та виїмок; підсипку, зрізування і планування узбіч на окремих ділянках і т. д.</p>\r\n\r\n<p>&nbsp;</p>\r\n\r\n<p>Також було проведено ямковий ремонт пневмоструменевим методом на загальній площі 151 925<strong> </strong>м&sup2;. Цей метод вважається ефективним способом ліквідації ямковості. Адже, одна дорожня машина поєднує кілька операцій, що значно спрощує технологічний процес. На місці укладання виконуються роботи з очистки вибоїн та тріщин; приготування та змішування бітумних емульсій із щебенем; заповнення вибоїн та тріщин сумішшю під стисненим повітрям; ущільнення щебеню, змішаного з емульсією, без додаткових ущільнюючих машин.</p>\r\n\r\n<p>&nbsp;</p>\r\n\r\n<p>Окремо на замовлення ДП &laquo;Місцеві дороги Запорізької області&raquo; підрядними організаціями було виконано ямковий ремонт асфальтобетонною сумішшю на загальній площі 45 471 м&sup2;. Цей метод є найрозповсюдженішим, адже в розпорядженні дорожніх підприємств є широка мережа заводів з виробництва асфальту та всі необхідні матеріали (щебені, пісок, мінеральний порошок, бітум), необхідні для приготування суміші.</p>\r\n\r\n<p>&nbsp;</p>\r\n\r\n<p>Крім цього, у 2019 році на замовлення ДП &laquo;Місцеві дороги Запорізької області&raquo; були завершені роботи з ремонту штучних споруд:</p>\r\n\r\n<ul>\r\n	<li>в Новомиколаївському районі з аварійного ремонту мостового переходу через р. Верхня Терса на автодорозі О081237 Новомиколаївка &ndash; Сторчове &ndash; Максимівка &ndash; Михайло-Лукашеве в районі с. Новомиколаївка;</li>\r\n	<li>у Вільнянському районі з ремонту деформаційних швів на шляхопроводі автодороги С080513 /Н-15/ - Вільнянськ - /Н-15/;</li>\r\n	<li>в Пологівському районі з аварійного ремонту мостового переходу на автодорозі О081491 Пологи &ndash; Кінські Роздори &ndash; Андріївка &ndash; Нововасилівка &ndash; Бердянськ на км 5+600 в районі міста Пологи.</li>\r\n</ul>\r\n\r\n<p>&nbsp;</p>\r\n\r\n<p>У повному обсязі були завершені заплановані роботи з планування узбіч, покосу трав на узбіччях доріг механізованим та ручним способом, роботи з встановлення та заміни дорожніх знаків. Також проведені роботи з нанесення горизонтальної дорожньої розмітки на 520 км.</p>\r\n\r\n<p>&nbsp;</p>\r\n\r\n<p>Певні види робіт з експлуатаційного утримання автошляхів загального користування місцевого значення Запорізької області були проведені на умовах співфінансування з місцевих бюджетів. Так, у 2019 році пропозиції щодо співфінансування<strong> </strong>надійшли від 17 ОТГ та сільських рад. Держпідприємством було укладено<strong> </strong>договорів співфінансування на суму<strong> </strong>12 мільйонів 482,5<strong> </strong>тисячі гривень<strong>, </strong>у тому числі на розробку робочого проєкту &laquo;Поточний середній ремонт ділянки автомобільної дороги загального користування місцевого значення О080720 /М-18/ - Балабине - Малокатеринівка, км 3 +330 &ndash; км 7 +030&raquo;. За підсумками року на рахунки ДП &laquo;Місцеві дороги Запорізької області&raquo; надійшло 11 мільйонів&nbsp;809,6<strong> </strong>тисячі гривень з місцевих бюджетів.</p>\r\n\r\n<p>&nbsp;</p>\r\n\r\n<p>Також за кошти обласного бюджету 18 листопада 2019 було укладено договір з ТОВ &laquo;ІПАД&raquo; на суму 199,5 тисячі гривень на розробку робочого проєкту &laquo;Капітальний ремонт автомобільної дороги загального користування місцевого значення О080789 Запоріжжя &ndash; Біленьке, на ділянці км 0+000 &ndash; км 2+375&raquo;.</p>\r\n\r\n<p>&nbsp;</p>\r\n\r\n<p>На останок варто зазначити, що у рамках експлуатаційного утримання на 2020-2021 роки, ДП &laquo;Місцеві дороги Запорізької області&raquo; було укладено 18 довгострокових договорів з експлуатаційного утримання доріг на період 2020-2021 роки по Бердянському, Василівському, Великобілозерському, Веселівському, Вільнянському, Гуляйпільському, Кам&rsquo;янсько-Дніпровському, Мелітопольському, Новомиколаївському, Оріхівському, Пологівському, Приазовському, Приморському, Токмацькому, Чернігівському та Якимівському, а також окремо по лівобережній та правобережній частинах Запорізького району.</p>\r\n\r\n<p>&nbsp;</p>\r\n\r\n<p>Продовжено у 2020 році, та станом на 11 січня 2020 року вже у кожному районі області є підприємство, яке відповідає за стан експлуатаційного утримання місцевої мережі доріг та зобов&rsquo;язано спільно з ДП &laquo;Місцеві дороги Запорізької області&raquo; здійснювати заходи, направлені на підвищення безпеки дорожнього руху для водіїв, пасажирів та пішоходів. Зазначені підприємства на відміну від сумнозвісного облавтодору не мають багатомільйонних боргів перед працівниками, державою та постачальниками, тож в змозі оперативно&nbsp; виконувати необхідні дорожні роботи.</p>', '', '2020-02-05 13.19.37.jpg_1580901640.jpg', '2020-01-26', NULL, 1, 'vxcv', 'експлуатаційне утримання', 3, 1, '2020-01-11 11:11:10', '2020-02-05 11:20:41'),
(19, 'Фахівці ДП «Місцеві дороги Запорізької області» готові до запобігання наслідкам несприятливих погодних умов', '<p>Директор ДП &laquo;Місцеві дороги Запорізької області&raquo; Геннадій Тімченко взяв участь у засіданні обласного штабу щодо опрацювання заходів із запобігання та ліквідації наслідків надзвичайних ситуацій в області, пов&rsquo;язаних з можливими несприятливими умовами зимового періоду 2020 року.</p>', '<p>Директор ДП &laquo;Місцеві дороги Запорізької області&raquo; Геннадій Тімченко взяв участь у засіданні обласного штабу щодо опрацювання заходів із запобігання та ліквідації наслідків надзвичайних ситуацій в області, пов&rsquo;язаних з можливими несприятливими умовами зимового періоду 2020 року. Робота штабу пройшла під керівництвом голови Запорізької облдержадміністрації Віталія Туринка.</p>\r\n\r\n<p>&nbsp;</p>\r\n\r\n<p>Як підкреслив директор ДП &laquo;Місцеві дороги Запорізької області&raquo; необхідна спецтехніка дорожніх служб працює у кожному з районів Запорізької області. Проводиться обробка автомобільних доріг загального користування місцевого значення. Також функціонує цілодобова диспетчерська служба при ДП &laquo;Місцеві дороги Запорізької області&raquo; за номером 050&nbsp;130 57 60.</p>\r\n\r\n<p>&nbsp;</p>\r\n\r\n<p>Очільник ОДА зазначив, що на території України вирують два циклони, тож погіршуються погодні умови у більшості областей, зокрема у Запорізькій. І найважливішим завданням для всіх учасників штабу є забезпечення сталого функціонування об&rsquo;єктів життєзабезпечення та не допущення загибелі людей під час негоди.</p>', '', '1.jpg_1580997559.jpg', NULL, NULL, 1, NULL, NULL, 3, 1, '2020-02-06 13:59:20', '2020-02-06 13:59:35');

-- --------------------------------------------------------

--
-- Структура таблицы `block_news`
--

CREATE TABLE `block_news` (
  `id` bigint(20) UNSIGNED NOT NULL,
  `id_articles` bigint(20) UNSIGNED NOT NULL,
  `index_position` bigint(20) UNSIGNED NOT NULL,
  `created_at` timestamp NULL DEFAULT NULL,
  `updated_at` timestamp NULL DEFAULT NULL
) ENGINE=InnoDB DEFAULT CHARSET=utf8mb4 COLLATE=utf8mb4_unicode_ci;

--
-- Дамп данных таблицы `block_news`
--

INSERT INTO `block_news` (`id`, `id_articles`, `index_position`, `created_at`, `updated_at`) VALUES
(47, 15, 1, '2020-01-16 12:45:29', '2020-02-06 14:01:58'),
(50, 18, 3, '2020-01-16 19:09:42', '2020-02-06 13:52:03'),
(52, 14, 4, '2020-01-26 15:44:51', '2020-02-06 14:01:49'),
(53, 16, 0, '2020-02-05 11:31:52', '2020-02-05 11:31:52'),
(54, 19, 2, '2020-02-06 13:59:20', '2020-02-06 14:01:56');

-- --------------------------------------------------------

--
-- Структура таблицы `data_rows`
--

CREATE TABLE `data_rows` (
  `id` int(10) UNSIGNED NOT NULL,
  `data_type_id` int(10) UNSIGNED NOT NULL,
  `field` varchar(191) COLLATE utf8mb4_unicode_ci NOT NULL,
  `type` varchar(191) COLLATE utf8mb4_unicode_ci NOT NULL,
  `display_name` varchar(191) COLLATE utf8mb4_unicode_ci NOT NULL,
  `required` tinyint(1) NOT NULL DEFAULT '0',
  `browse` tinyint(1) NOT NULL DEFAULT '1',
  `read` tinyint(1) NOT NULL DEFAULT '1',
  `edit` tinyint(1) NOT NULL DEFAULT '1',
  `add` tinyint(1) NOT NULL DEFAULT '1',
  `delete` tinyint(1) NOT NULL DEFAULT '1',
  `details` text COLLATE utf8mb4_unicode_ci,
  `order` int(11) NOT NULL DEFAULT '1'
) ENGINE=InnoDB DEFAULT CHARSET=utf8mb4 COLLATE=utf8mb4_unicode_ci;

--
-- Дамп данных таблицы `data_rows`
--

INSERT INTO `data_rows` (`id`, `data_type_id`, `field`, `type`, `display_name`, `required`, `browse`, `read`, `edit`, `add`, `delete`, `details`, `order`) VALUES
(1, 1, 'id', 'number', 'ID', 1, 0, 0, 0, 0, 0, NULL, 1),
(2, 1, 'name', 'text', 'Name', 1, 1, 1, 1, 1, 1, NULL, 2),
(3, 1, 'email', 'text', 'Email', 1, 1, 1, 1, 1, 1, NULL, 3),
(4, 1, 'password', 'password', 'Password', 1, 0, 0, 1, 1, 0, NULL, 4),
(5, 1, 'remember_token', 'text', 'Remember Token', 0, 0, 0, 0, 0, 0, NULL, 5),
(6, 1, 'created_at', 'timestamp', 'Created At', 0, 1, 1, 0, 0, 0, NULL, 6),
(7, 1, 'updated_at', 'timestamp', 'Updated At', 0, 0, 0, 0, 0, 0, NULL, 7),
(8, 1, 'avatar', 'image', 'Avatar', 0, 1, 1, 1, 1, 1, NULL, 8),
(9, 1, 'user_belongsto_role_relationship', 'relationship', 'Role', 0, 1, 1, 1, 1, 0, '{\"model\":\"TCG\\\\Voyager\\\\Models\\\\Role\",\"table\":\"roles\",\"type\":\"belongsTo\",\"column\":\"role_id\",\"key\":\"id\",\"label\":\"display_name\",\"pivot_table\":\"roles\",\"pivot\":0}', 10),
(10, 1, 'user_belongstomany_role_relationship', 'relationship', 'Roles', 0, 1, 1, 1, 1, 0, '{\"model\":\"TCG\\\\Voyager\\\\Models\\\\Role\",\"table\":\"roles\",\"type\":\"belongsToMany\",\"column\":\"id\",\"key\":\"id\",\"label\":\"display_name\",\"pivot_table\":\"user_roles\",\"pivot\":\"1\",\"taggable\":\"0\"}', 11),
(11, 1, 'settings', 'hidden', 'Settings', 0, 0, 0, 0, 0, 0, NULL, 12),
(12, 2, 'id', 'number', 'ID', 1, 0, 0, 0, 0, 0, NULL, 1),
(13, 2, 'name', 'text', 'Name', 1, 1, 1, 1, 1, 1, NULL, 2),
(14, 2, 'created_at', 'timestamp', 'Created At', 0, 0, 0, 0, 0, 0, NULL, 3),
(15, 2, 'updated_at', 'timestamp', 'Updated At', 0, 0, 0, 0, 0, 0, NULL, 4),
(16, 3, 'id', 'number', 'ID', 1, 0, 0, 0, 0, 0, NULL, 1),
(17, 3, 'name', 'text', 'Name', 1, 1, 1, 1, 1, 1, NULL, 2),
(18, 3, 'created_at', 'timestamp', 'Created At', 0, 0, 0, 0, 0, 0, NULL, 3),
(19, 3, 'updated_at', 'timestamp', 'Updated At', 0, 0, 0, 0, 0, 0, NULL, 4),
(20, 3, 'display_name', 'text', 'Display Name', 1, 1, 1, 1, 1, 1, NULL, 5),
(21, 1, 'role_id', 'text', 'Role', 1, 1, 1, 1, 1, 1, NULL, 9),
(22, 5, 'id', 'text', 'Id', 1, 0, 0, 0, 0, 0, '{}', 1),
(23, 5, 'title', 'text', 'Title', 1, 1, 1, 1, 1, 1, '{}', 2),
(24, 5, 'path', 'text', 'Path', 1, 1, 1, 1, 1, 1, '{}', 3),
(25, 5, 'created_at', 'timestamp', 'Created At', 0, 1, 1, 1, 0, 1, '{}', 4),
(26, 5, 'updated_at', 'timestamp', 'Updated At', 0, 0, 0, 0, 0, 0, '{}', 5),
(27, 6, 'id', 'text', 'Id', 1, 0, 0, 0, 0, 0, '{}', 1),
(28, 6, 'title', 'text', 'Title', 1, 1, 1, 1, 1, 1, '{}', 2),
(29, 6, 'path', 'text', 'Path', 1, 1, 1, 1, 1, 1, '{}', 3),
(30, 6, 'created_at', 'timestamp', 'Created At', 0, 1, 1, 1, 0, 1, '{}', 4),
(31, 6, 'updated_at', 'timestamp', 'Updated At', 0, 0, 0, 0, 0, 0, '{}', 5);

-- --------------------------------------------------------

--
-- Структура таблицы `data_types`
--

CREATE TABLE `data_types` (
  `id` int(10) UNSIGNED NOT NULL,
  `name` varchar(191) COLLATE utf8mb4_unicode_ci NOT NULL,
  `slug` varchar(191) COLLATE utf8mb4_unicode_ci NOT NULL,
  `display_name_singular` varchar(191) COLLATE utf8mb4_unicode_ci NOT NULL,
  `display_name_plural` varchar(191) COLLATE utf8mb4_unicode_ci NOT NULL,
  `icon` varchar(191) COLLATE utf8mb4_unicode_ci DEFAULT NULL,
  `model_name` varchar(191) COLLATE utf8mb4_unicode_ci DEFAULT NULL,
  `policy_name` varchar(191) COLLATE utf8mb4_unicode_ci DEFAULT NULL,
  `controller` varchar(191) COLLATE utf8mb4_unicode_ci DEFAULT NULL,
  `description` varchar(191) COLLATE utf8mb4_unicode_ci DEFAULT NULL,
  `generate_permissions` tinyint(1) NOT NULL DEFAULT '0',
  `server_side` tinyint(4) NOT NULL DEFAULT '0',
  `details` text COLLATE utf8mb4_unicode_ci,
  `created_at` timestamp NULL DEFAULT NULL,
  `updated_at` timestamp NULL DEFAULT NULL
) ENGINE=InnoDB DEFAULT CHARSET=utf8mb4 COLLATE=utf8mb4_unicode_ci;

--
-- Дамп данных таблицы `data_types`
--

INSERT INTO `data_types` (`id`, `name`, `slug`, `display_name_singular`, `display_name_plural`, `icon`, `model_name`, `policy_name`, `controller`, `description`, `generate_permissions`, `server_side`, `details`, `created_at`, `updated_at`) VALUES
(1, 'users', 'users', 'User', 'Users', 'voyager-person', 'TCG\\Voyager\\Models\\User', 'TCG\\Voyager\\Policies\\UserPolicy', 'TCG\\Voyager\\Http\\Controllers\\VoyagerUserController', '', 1, 0, NULL, '2019-12-19 12:20:51', '2019-12-19 12:20:51'),
(2, 'menus', 'menus', 'Menu', 'Menus', 'voyager-list', 'TCG\\Voyager\\Models\\Menu', NULL, '', '', 1, 0, NULL, '2019-12-19 12:20:51', '2019-12-19 12:20:51'),
(3, 'roles', 'roles', 'Role', 'Roles', 'voyager-lock', 'TCG\\Voyager\\Models\\Role', NULL, '', '', 1, 0, NULL, '2019-12-19 12:20:51', '2019-12-19 12:20:51'),
(5, 'files', 'files', 'File', 'Files', NULL, 'App\\Files', NULL, NULL, NULL, 1, 0, '{\"order_column\":null,\"order_display_column\":null,\"order_direction\":\"asc\",\"default_search_key\":null}', '2020-02-01 17:29:58', '2020-02-01 17:29:58'),
(6, 'images', 'images', 'Image', 'Images', NULL, 'App\\Images', NULL, NULL, NULL, 1, 0, '{\"order_column\":null,\"order_display_column\":null,\"order_direction\":\"asc\",\"default_search_key\":null}', '2020-02-01 17:30:32', '2020-02-01 17:30:32');

-- --------------------------------------------------------

--
-- Структура таблицы `failed_jobs`
--

CREATE TABLE `failed_jobs` (
  `id` bigint(20) UNSIGNED NOT NULL,
  `connection` text COLLATE utf8mb4_unicode_ci NOT NULL,
  `queue` text COLLATE utf8mb4_unicode_ci NOT NULL,
  `payload` longtext COLLATE utf8mb4_unicode_ci NOT NULL,
  `exception` longtext COLLATE utf8mb4_unicode_ci NOT NULL,
  `failed_at` timestamp NOT NULL DEFAULT CURRENT_TIMESTAMP
) ENGINE=InnoDB DEFAULT CHARSET=utf8mb4 COLLATE=utf8mb4_unicode_ci;

-- --------------------------------------------------------

--
-- Структура таблицы `files`
--

CREATE TABLE `files` (
  `id` bigint(20) UNSIGNED NOT NULL,
  `title` varchar(191) COLLATE utf8mb4_unicode_ci NOT NULL,
  `path` varchar(191) COLLATE utf8mb4_unicode_ci NOT NULL,
  `created_at` timestamp NULL DEFAULT NULL,
  `updated_at` timestamp NULL DEFAULT NULL
) ENGINE=InnoDB DEFAULT CHARSET=utf8mb4 COLLATE=utf8mb4_unicode_ci;

--
-- Дамп данных таблицы `files`
--

INSERT INTO `files` (`id`, `title`, `path`, `created_at`, `updated_at`) VALUES
(1, 'Пример_1.xlsx', 'Пример_1.xlsx_1581769208.xlsx', '2020-02-15 12:20:08', '2020-02-15 12:20:08');

-- --------------------------------------------------------

--
-- Структура таблицы `files_pg_ar`
--

CREATE TABLE `files_pg_ar` (
  `id` bigint(20) UNSIGNED NOT NULL,
  `id_files` bigint(20) UNSIGNED DEFAULT NULL,
  `id_pages` bigint(20) UNSIGNED DEFAULT NULL,
  `id_articles` bigint(20) UNSIGNED DEFAULT NULL,
  `created_at` timestamp NULL DEFAULT NULL,
  `updated_at` timestamp NULL DEFAULT NULL
) ENGINE=InnoDB DEFAULT CHARSET=utf8mb4 COLLATE=utf8mb4_unicode_ci;

--
-- Дамп данных таблицы `files_pg_ar`
--

INSERT INTO `files_pg_ar` (`id`, `id_files`, `id_pages`, `id_articles`, `created_at`, `updated_at`) VALUES
(1, 1, 15, NULL, '2020-02-15 12:20:13', '2020-02-15 12:20:13');

-- --------------------------------------------------------

--
-- Структура таблицы `images`
--

CREATE TABLE `images` (
  `id` bigint(20) UNSIGNED NOT NULL,
  `title` varchar(191) COLLATE utf8mb4_unicode_ci NOT NULL,
  `path` varchar(191) COLLATE utf8mb4_unicode_ci NOT NULL,
  `created_at` timestamp NULL DEFAULT NULL,
  `updated_at` timestamp NULL DEFAULT NULL
) ENGINE=InnoDB DEFAULT CHARSET=utf8mb4 COLLATE=utf8mb4_unicode_ci;

--
-- Дамп данных таблицы `images`
--

INSERT INTO `images` (`id`, `title`, `path`, `created_at`, `updated_at`) VALUES
(180, '1.jpg', '1.jpg_1580997547.jpg', '2020-02-06 13:59:08', '2020-02-06 13:59:08'),
(181, '2.jpg', '2.jpg_1580997549.jpg', '2020-02-06 13:59:10', '2020-02-06 13:59:10'),
(182, '7.jpg', '7.jpg_1580997551.jpg', '2020-02-06 13:59:12', '2020-02-06 13:59:12'),
(183, '8.jpg', '8.jpg_1580997553.jpg', '2020-02-06 13:59:13', '2020-02-06 13:59:13'),
(184, '9.jpg', '9.jpg_1580997554.jpg', '2020-02-06 13:59:14', '2020-02-06 13:59:14'),
(185, 'picture.jpg', 'picture.jpg_1580997555.jpg', '2020-02-06 13:59:16', '2020-02-06 13:59:16');

-- --------------------------------------------------------

--
-- Структура таблицы `images_pg_ar`
--

CREATE TABLE `images_pg_ar` (
  `id` bigint(20) UNSIGNED NOT NULL,
  `id_images` bigint(20) UNSIGNED DEFAULT NULL,
  `id_pages` bigint(20) UNSIGNED DEFAULT NULL,
  `id_articles` bigint(20) UNSIGNED DEFAULT NULL,
  `created_at` timestamp NULL DEFAULT NULL,
  `updated_at` timestamp NULL DEFAULT NULL
) ENGINE=InnoDB DEFAULT CHARSET=utf8mb4 COLLATE=utf8mb4_unicode_ci;

--
-- Дамп данных таблицы `images_pg_ar`
--

INSERT INTO `images_pg_ar` (`id`, `id_images`, `id_pages`, `id_articles`, `created_at`, `updated_at`) VALUES
(115, 180, NULL, 19, '2020-02-06 13:59:20', '2020-02-06 13:59:20'),
(116, 181, NULL, 19, '2020-02-06 13:59:20', '2020-02-06 13:59:20'),
(117, 182, NULL, 19, '2020-02-06 13:59:20', '2020-02-06 13:59:20'),
(118, 183, NULL, 19, '2020-02-06 13:59:20', '2020-02-06 13:59:20'),
(119, 184, NULL, 19, '2020-02-06 13:59:20', '2020-02-06 13:59:20'),
(120, 185, NULL, 19, '2020-02-06 13:59:20', '2020-02-06 13:59:20');

-- --------------------------------------------------------

--
-- Структура таблицы `maps`
--

CREATE TABLE `maps` (
  `id` bigint(20) UNSIGNED NOT NULL,
  `title` varchar(191) COLLATE utf8mb4_unicode_ci NOT NULL,
  `url` longtext COLLATE utf8mb4_unicode_ci NOT NULL,
  `created_at` timestamp NULL DEFAULT NULL,
  `updated_at` timestamp NULL DEFAULT NULL
) ENGINE=InnoDB DEFAULT CHARSET=utf8mb4 COLLATE=utf8mb4_unicode_ci;

--
-- Дамп данных таблицы `maps`
--

INSERT INTO `maps` (`id`, `title`, `url`, `created_at`, `updated_at`) VALUES
(1, 'Головна карта', 'https://www.google.com/maps/d/u/0/embed?mid=1EkiBWGao1tZYFSTDxU9hWBx10bFHFnZF', '2020-02-06 13:36:12', '2020-02-06 13:39:34');

-- --------------------------------------------------------

--
-- Структура таблицы `menus`
--

CREATE TABLE `menus` (
  `id` int(10) UNSIGNED NOT NULL,
  `name` varchar(191) COLLATE utf8mb4_unicode_ci NOT NULL,
  `created_at` timestamp NULL DEFAULT NULL,
  `updated_at` timestamp NULL DEFAULT NULL
) ENGINE=InnoDB DEFAULT CHARSET=utf8mb4 COLLATE=utf8mb4_unicode_ci;

--
-- Дамп данных таблицы `menus`
--

INSERT INTO `menus` (`id`, `name`, `created_at`, `updated_at`) VALUES
(1, 'admin', '2019-12-19 12:20:51', '2019-12-19 12:20:51'),
(2, 'main_menu', '2019-12-19 14:24:01', '2019-12-19 14:24:01');

-- --------------------------------------------------------

--
-- Структура таблицы `menu_items`
--

CREATE TABLE `menu_items` (
  `id` int(10) UNSIGNED NOT NULL,
  `menu_id` int(10) UNSIGNED DEFAULT NULL,
  `title` varchar(191) COLLATE utf8mb4_unicode_ci NOT NULL,
  `url` varchar(191) COLLATE utf8mb4_unicode_ci NOT NULL,
  `target` varchar(191) COLLATE utf8mb4_unicode_ci NOT NULL DEFAULT '_self',
  `icon_class` varchar(191) COLLATE utf8mb4_unicode_ci DEFAULT NULL,
  `color` varchar(191) COLLATE utf8mb4_unicode_ci DEFAULT NULL,
  `parent_id` int(11) DEFAULT NULL,
  `order` int(11) NOT NULL,
  `created_at` timestamp NULL DEFAULT NULL,
  `updated_at` timestamp NULL DEFAULT NULL,
  `route` varchar(191) COLLATE utf8mb4_unicode_ci DEFAULT NULL,
  `parameters` text COLLATE utf8mb4_unicode_ci
) ENGINE=InnoDB DEFAULT CHARSET=utf8mb4 COLLATE=utf8mb4_unicode_ci;

--
-- Дамп данных таблицы `menu_items`
--

INSERT INTO `menu_items` (`id`, `menu_id`, `title`, `url`, `target`, `icon_class`, `color`, `parent_id`, `order`, `created_at`, `updated_at`, `route`, `parameters`) VALUES
(1, 1, 'Dashboard', '', '_self', 'voyager-boat', NULL, NULL, 1, '2019-12-19 12:20:51', '2019-12-19 12:20:51', 'voyager.dashboard', NULL),
(3, 1, 'Users', '', '_self', 'voyager-person', NULL, NULL, 3, '2019-12-19 12:20:51', '2019-12-19 12:20:51', 'voyager.users.index', NULL),
(4, 1, 'Roles', '', '_self', 'voyager-lock', NULL, NULL, 2, '2019-12-19 12:20:51', '2019-12-19 12:20:51', 'voyager.roles.index', NULL),
(5, 1, 'Tools', '', '_self', 'voyager-tools', NULL, NULL, 7, '2019-12-19 12:20:51', '2020-02-01 17:34:49', NULL, NULL),
(6, 1, 'Menu Builder', '', '_self', 'voyager-list', NULL, 5, 1, '2019-12-19 12:20:51', '2020-02-01 17:34:43', 'voyager.menus.index', NULL),
(7, 1, 'Database', '', '_self', 'voyager-data', NULL, 5, 2, '2019-12-19 12:20:51', '2020-02-01 17:34:43', 'voyager.database.index', NULL),
(8, 1, 'Compass', '', '_self', 'voyager-compass', NULL, 5, 3, '2019-12-19 12:20:51', '2020-02-01 17:34:43', 'voyager.compass.index', NULL),
(9, 1, 'BREAD', '', '_self', 'voyager-bread', NULL, 5, 4, '2019-12-19 12:20:51', '2020-02-01 17:34:43', 'voyager.bread.index', NULL),
(10, 1, 'Settings', '', '_self', 'voyager-settings', NULL, NULL, 8, '2019-12-19 12:20:51', '2020-02-01 17:34:49', 'voyager.settings.index', NULL),
(14, 1, 'Hooks', '', '_self', 'voyager-hook', NULL, 5, 5, '2019-12-19 12:20:53', '2020-02-01 17:34:43', 'voyager.hooks', NULL),
(15, 2, 'ГОЛОВНА', '', '_self', NULL, '#000000', NULL, 1, '2019-12-19 14:24:28', '2019-12-21 11:46:14', NULL, ''),
(16, 2, 'ПРЕСЦЕНТР', '', '_self', NULL, '#000000', NULL, 2, '2019-12-19 14:24:56', '2019-12-21 11:46:14', NULL, NULL),
(17, 2, 'ПЕРЕЛІК ДОРІГ', '', '_self', NULL, '#000000', NULL, 3, '2019-12-19 14:25:30', '2020-01-19 11:36:44', NULL, ''),
(18, 2, 'ПРО ДП', '', '_self', NULL, '#000000', NULL, 4, '2019-12-19 14:25:44', '2019-12-21 11:56:33', NULL, 'null'),
(19, 2, 'ДІЯЛЬНІСТЬ', '', '_self', NULL, '#000000', NULL, 5, '2019-12-19 14:26:05', '2019-12-21 11:57:16', NULL, NULL),
(20, 2, 'НОРМАТИВНА БАЗА', '', '_self', NULL, '#000000', NULL, 6, '2019-12-19 14:26:18', '2019-12-21 11:57:16', NULL, NULL),
(21, 2, 'Новини', '', '_self', NULL, '#000000', 16, 1, '2019-12-21 11:45:10', '2020-01-10 09:51:52', 'site.novini', 'null'),
(22, 2, 'Анонси', '', '_self', NULL, '#000000', 16, 2, '2019-12-21 11:45:23', '2020-01-10 09:52:05', 'site.anonsi', 'null'),
(23, 2, 'Фотогалерея', '', '_self', NULL, '#000000', 16, 3, '2019-12-21 11:45:32', '2020-01-10 09:52:27', 'site.photo_galerea', 'null'),
(24, 2, 'Відеогалерея', '', '_self', NULL, '#000000', 16, 4, '2019-12-21 11:45:41', '2020-01-10 09:52:41', 'site.video_galerea', 'null'),
(25, 2, 'Бердянський', '', '_self', NULL, '#000000', 17, 1, '2019-12-21 11:46:38', '2019-12-21 11:50:22', NULL, NULL),
(26, 2, 'Більмацький', '', '_self', NULL, '#000000', 17, 2, '2019-12-21 11:47:03', '2020-01-20 14:46:32', NULL, NULL),
(27, 2, 'Василівський', '', '_self', NULL, '#000000', 17, 3, '2019-12-21 11:47:12', '2020-01-20 14:46:32', NULL, NULL),
(28, 2, 'Великобілозерський', '', '_self', NULL, '#000000', 17, 4, '2019-12-21 11:47:23', '2020-01-20 14:46:32', NULL, NULL),
(29, 2, 'Веселівський', '', '_self', NULL, '#000000', 17, 5, '2019-12-21 11:47:32', '2020-01-20 14:46:32', NULL, NULL),
(30, 2, 'Вільнянський', '', '_self', NULL, '#000000', 17, 6, '2019-12-21 11:47:43', '2020-01-20 14:46:32', NULL, NULL),
(31, 2, 'Гуляйпільський', '', '_self', NULL, '#000000', 17, 7, '2019-12-21 11:47:55', '2020-01-20 14:46:32', NULL, NULL),
(32, 2, 'Запорізький', '', '_self', NULL, '#000000', 17, 8, '2019-12-21 11:48:03', '2020-01-20 14:46:32', NULL, NULL),
(33, 2, 'Кам’янсько-дніпровський', '', '_self', NULL, '#000000', 17, 9, '2019-12-21 11:48:17', '2020-01-20 14:46:32', NULL, NULL),
(34, 2, 'Мелітопольський', '', '_self', NULL, '#000000', 17, 10, '2019-12-21 11:48:30', '2020-01-20 14:46:32', NULL, NULL),
(35, 2, 'Михайлівський', '', '_self', NULL, '#000000', 17, 11, '2019-12-21 11:48:41', '2020-01-20 14:46:32', NULL, NULL),
(36, 2, 'Новомиколаївський', '', '_self', NULL, '#000000', 17, 12, '2019-12-21 11:48:49', '2020-01-20 14:46:32', NULL, NULL),
(37, 2, 'Оріхівський', '', '_self', NULL, '#000000', 17, 13, '2019-12-21 11:48:57', '2020-01-20 14:46:32', NULL, NULL),
(38, 2, 'Пологівський', '', '_self', NULL, '#000000', 17, 14, '2019-12-21 11:49:09', '2020-01-20 14:46:32', NULL, NULL),
(39, 2, 'Приазовський', '', '_self', NULL, '#000000', 17, 15, '2019-12-21 11:49:26', '2020-01-20 14:46:32', NULL, NULL),
(40, 2, 'Приморський', '', '_self', NULL, '#000000', 17, 16, '2019-12-21 11:49:36', '2020-01-20 14:46:32', NULL, NULL),
(41, 2, 'Розівський', '', '_self', NULL, '#000000', 17, 17, '2019-12-21 11:49:47', '2020-01-20 14:46:32', NULL, NULL),
(42, 2, 'Токмацький', '', '_self', NULL, '#000000', 17, 18, '2019-12-21 11:49:55', '2020-01-20 14:46:32', NULL, NULL),
(43, 2, 'Чернігівський', '', '_self', NULL, '#000000', 17, 19, '2019-12-21 11:50:05', '2020-01-20 14:46:32', NULL, NULL),
(44, 2, 'Якимівський', '', '_self', NULL, '#000000', 17, 20, '2019-12-21 11:50:14', '2020-01-20 14:46:32', NULL, NULL),
(45, 2, 'Опис', '', '_self', NULL, '#000000', 18, 1, '2019-12-21 11:51:41', '2020-01-10 09:31:04', 'site.opis', 'null'),
(46, 2, 'Структура та керівництво, контакти', '', '_self', NULL, '#000000', 18, 3, '2019-12-21 11:52:11', '2020-01-20 13:07:07', 'site.contact', 'null'),
(47, 2, 'Розпорядок роботи органу та час прийому керівництва', '', '_self', NULL, '#000000', 18, 4, '2019-12-21 11:52:39', '2020-01-20 13:07:07', 'site.rozporadok_roboti', 'null'),
(48, 2, 'Вакансії', '', '_self', NULL, '#000000', 18, 5, '2019-12-21 11:52:49', '2020-01-20 13:07:07', 'site.vakansii', 'null'),
(49, 2, 'Ремонт доріг', '', '_self', 'voyager-sun', '#000000', 19, 1, '2019-12-21 11:53:04', '2019-12-21 15:12:14', NULL, 'null'),
(50, 2, 'Виконані заходи', '', '_self', NULL, '#000000', 49, 4, '2019-12-21 11:53:15', '2020-02-15 12:13:33', 'site.vikonani_zahodi', 'null'),
(53, 2, 'Заплановані роботи', '', '_self', NULL, '#000000', 49, 3, '2019-12-21 11:53:44', '2020-02-15 12:15:18', 'site.zaplanovani_roboti', 'null'),
(54, 2, 'Підприємства, установи та організації, що належать до сфери управління органу', '', '_self', NULL, '#000000', 19, 2, '2019-12-21 11:54:00', '2020-01-11 09:36:14', 'site.sfera', 'null'),
(55, 2, 'Фінансово-економічна діяльність', '', '_self', NULL, '#000000', 19, 3, '2019-12-21 11:54:10', '2020-01-11 09:36:29', 'site.finansovo_economichna_dialnist', 'null'),
(56, 2, 'Державні (публічні) закупівлі', '', '_self', NULL, '#000000', 19, 4, '2019-12-21 11:54:22', '2020-01-11 09:36:46', 'site.derzavni_zakupivli', 'null'),
(57, 2, 'Основні завдання та нормативно-правові засади діяльності', '', '_self', NULL, '#000000', 18, 2, '2019-12-21 11:54:59', '2020-01-10 09:31:17', 'site.osnovni_zavdanna', 'null'),
(58, 2, 'Оголошення', '', '_self', NULL, '#000000', 20, 1, '2019-12-21 11:58:07', '2020-01-11 09:49:22', 'site.ogoloshena', 'null'),
(59, 2, 'Розпорядження', '', '_self', NULL, '#000000', 20, 2, '2019-12-21 11:58:15', '2020-01-11 09:49:43', 'site.rozporadjena', 'null'),
(60, 2, 'Перелік районних автомобільних доріг загального користування місцевого значення Запорізької області', '', '_self', NULL, '#000000', 25, 1, '2020-01-20 13:06:50', '2020-01-20 14:26:46', 'roads.show', '{\"type\":\"Районна\",\"region\":\"Бердянський\"}'),
(61, 2, 'Перелік обласних автомобільних доріг загального користування місцевого значення Запорізької області', '', '_self', NULL, '#000000', 25, 2, '2020-01-20 14:29:08', '2020-01-20 14:51:38', 'roads.show', '{\"type\":\"Обласна\",\"region\":\"Бердянський\"}'),
(62, 2, 'Перелік обласних автомобільних доріг загального користування місцевого значення Запорізької області', '', '_self', NULL, '#000000', 26, 2, '2020-01-20 14:30:20', '2020-01-20 14:48:52', 'roads.show', '{\"type\":\"Обласна\",\"region\":\"Більмацький\"}'),
(63, 2, 'Перелік обласних автомобільних доріг загального користування місцевого значення Запорізької області', '', '_self', NULL, '#000000', 27, 2, '2020-01-20 14:30:33', '2020-01-20 15:07:29', 'roads.show', '{\"type\":\"Обласна\",\"region\":\"Василівський\"}'),
(64, 2, 'Перелік обласних автомобільних доріг загального користування місцевого значення Запорізької області', '', '_self', NULL, '#000000', 28, 2, '2020-01-20 14:30:37', '2020-01-20 15:08:51', 'roads.show', '{\"type\":\"Обласна\",\"region\":\"Великобілозерський\"}'),
(65, 2, 'Перелік обласних автомобільних доріг загального користування місцевого значення Запорізької області', '', '_self', NULL, '#000000', 29, 2, '2020-01-20 14:30:42', '2020-01-20 15:10:09', 'roads.show', '{\"type\":\"Обласна\",\"region\":\"Веселівський\"}'),
(66, 2, 'Перелік обласних автомобільних доріг загального користування місцевого значення Запорізької області', '', '_self', NULL, '#000000', 30, 2, '2020-01-20 14:30:46', '2020-01-20 15:11:17', 'roads.show', '{\"type\":\"Обласна\",\"region\":\"Вільнянський\"}'),
(67, 2, 'Перелік обласних автомобільних доріг загального користування місцевого значення Запорізької області', '', '_self', NULL, '#000000', 31, 2, '2020-01-20 14:30:51', '2020-01-20 15:12:17', 'roads.show', '{\"type\":\"Обласна\",\"region\":\"Гуляйпільський\"}'),
(68, 2, 'Перелік обласних автомобільних доріг загального користування місцевого значення Запорізької області', '', '_self', NULL, '#000000', 32, 2, '2020-01-20 14:30:56', '2020-01-20 15:13:09', 'roads.show', '{\"type\":\"Обласна\",\"region\":\"Запорізький\"}'),
(69, 2, 'Перелік обласних автомобільних доріг загального користування місцевого значення Запорізької області', '', '_self', NULL, '#000000', 33, 2, '2020-01-20 14:31:02', '2020-01-20 15:14:28', 'roads.show', '{\"type\":\"Обласна\",\"region\":\"Кам’янсько-Дніпровський\"}'),
(70, 2, 'Перелік обласних автомобільних доріг загального користування місцевого значення Запорізької області', '', '_self', NULL, '#000000', 35, 2, '2020-01-20 14:31:07', '2020-01-20 15:16:08', 'roads.show', '{\"type\":\"Обласна\",\"region\":\"Михайлівський\"}'),
(71, 2, 'Перелік обласних автомобільних доріг загального користування місцевого значення Запорізької області', '', '_self', NULL, '#000000', 39, 2, '2020-01-20 14:31:13', '2020-01-20 15:19:07', 'roads.show', '{\"type\":\"Обласна\",\"region\":\"Приазовський\"}'),
(72, 2, 'Перелік обласних автомобільних доріг загального користування місцевого значення Запорізької області', '', '_self', NULL, '#000000', 38, 2, '2020-01-20 14:31:18', '2020-01-20 15:18:26', 'roads.show', '{\"type\":\"Обласна\",\"region\":\"Пологівський\"}'),
(73, 2, 'Перелік обласних автомобільних доріг загального користування місцевого значення Запорізької області', '', '_self', NULL, '#000000', 37, 2, '2020-01-20 14:31:23', '2020-01-20 15:17:46', 'roads.show', '{\"type\":\"Обласна\",\"region\":\"Оріхівський\"}'),
(74, 2, 'Перелік обласних автомобільних доріг загального користування місцевого значення Запорізької області', '', '_self', NULL, '#000000', 36, 2, '2020-01-20 14:31:27', '2020-01-20 15:16:58', 'roads.show', '{\"type\":\"Обласна\",\"region\":\"Новомиколаївський\"}'),
(75, 2, 'Перелік обласних автомобільних доріг загального користування місцевого значення Запорізької області', '', '_self', NULL, '#000000', 34, 2, '2020-01-20 14:31:31', '2020-01-20 15:15:16', 'roads.show', '{\"type\":\"Обласна\",\"region\":\"Мелітопольський\"}'),
(76, 2, 'Перелік обласних автомобільних доріг загального користування місцевого значення Запорізької області', '', '_self', NULL, '#000000', 40, 2, '2020-01-20 14:31:36', '2020-01-20 15:19:49', 'roads.show', '{\"type\":\"Обласна\",\"region\":\"Приморський\"}'),
(77, 2, 'Перелік обласних автомобільних доріг загального користування місцевого значення Запорізької області', '', '_self', NULL, '#000000', 41, 2, '2020-01-20 14:31:41', '2020-01-20 15:20:37', 'roads.show', '{\"type\":\"Обласна\",\"region\":\"Розівський\"}'),
(78, 2, 'Перелік обласних автомобільних доріг загального користування місцевого значення Запорізької області', '', '_self', NULL, '#000000', 42, 2, '2020-01-20 14:31:45', '2020-01-20 15:21:29', 'roads.show', '{\"type\":\"Обласна\",\"region\":\"Токмацький\"}'),
(79, 2, 'Перелік обласних автомобільних доріг загального користування місцевого значення Запорізької області', '', '_self', NULL, '#000000', 43, 2, '2020-01-20 14:31:50', '2020-01-20 15:22:16', 'roads.show', '{\"type\":\"Обласна\",\"region\":\"Чернігівський\"}'),
(80, 2, 'Перелік обласних автомобільних доріг загального користування місцевого значення Запорізької області', '', '_self', NULL, '#000000', 44, 2, '2020-01-20 14:34:08', '2020-01-20 15:23:05', 'roads.show', '{\"type\":\"Обласна\",\"region\":\"Якимівський\"}'),
(81, 2, 'Перелік районних автомобільних доріг загального користування місцевого значення Запорізької області', '', '_self', NULL, '#000000', 26, 1, '2020-01-20 14:35:11', '2020-01-20 14:47:19', 'roads.show', '{\"type\":\"Районна\",\"region\":\"Більмацький\"}'),
(82, 2, 'Перелік районних автомобільних доріг загального користування місцевого значення Запорізької області', '', '_self', NULL, '#000000', 27, 1, '2020-01-20 14:35:20', '2020-01-20 15:06:22', 'roads.show', '{\"type\":\"Районна\",\"region\":\"Василівський\"}'),
(83, 2, 'Перелік районних автомобільних доріг загального користування місцевого значення Запорізької області', '', '_self', NULL, '#000000', 28, 1, '2020-01-20 14:35:25', '2020-01-20 15:08:16', 'roads.show', '{\"type\":\"Районна\",\"region\":\"Великобілозерський\"}'),
(84, 2, 'Перелік районних автомобільних доріг загального користування місцевого значення Запорізької області', '', '_self', NULL, '#000000', 29, 1, '2020-01-20 14:35:29', '2020-01-20 15:09:20', 'roads.show', '{\"type\":\"Районна\",\"region\":\"Веселівський\"}'),
(85, 2, 'Перелік районних автомобільних доріг загального користування місцевого значення Запорізької області', '', '_self', NULL, '#000000', 30, 1, '2020-01-20 14:35:33', '2020-01-20 15:10:49', 'roads.show', '{\"type\":\"Районна\",\"region\":\"Вільнянський\"}'),
(86, 2, 'Перелік районних автомобільних доріг загального користування місцевого значення Запорізької області', '', '_self', NULL, '#000000', 31, 1, '2020-01-20 14:35:38', '2020-01-20 15:11:52', 'roads.show', '{\"type\":\"Районна\",\"region\":\"Гуляйпільський\"}'),
(87, 2, 'Перелік районних автомобільних доріг загального користування місцевого значення Запорізької області', '', '_self', NULL, '#000000', 32, 1, '2020-01-20 14:35:43', '2020-01-20 15:12:51', 'roads.show', '{\"type\":\"Районна\",\"region\":\"Запорізький\"}'),
(88, 2, 'Перелік районних автомобільних доріг загального користування місцевого значення Запорізької області', '', '_self', NULL, '#000000', 33, 1, '2020-01-20 14:35:55', '2020-01-20 15:14:08', 'roads.show', '{\"type\":\"Районна\",\"region\":\"Кам’янсько-Дніпровський\"}'),
(89, 2, 'Перелік районних автомобільних доріг загального користування місцевого значення Запорізької області', '', '_self', NULL, '#000000', 34, 1, '2020-01-20 14:36:00', '2020-01-20 15:14:57', 'roads.show', '{\"type\":\"Районна\",\"region\":\"Мелітопольський\"}'),
(90, 2, 'Перелік районних автомобільних доріг загального користування місцевого значення Запорізької області', '', '_self', NULL, '#000000', 35, 1, '2020-01-20 14:36:04', '2020-01-20 15:15:40', 'roads.show', '{\"type\":\"Районна\",\"region\":\"Михайлівський\"}'),
(91, 2, 'Перелік районних автомобільних доріг загального користування місцевого значення Запорізької області', '', '_self', NULL, '#000000', 36, 1, '2020-01-20 14:36:09', '2020-01-20 15:16:39', 'roads.show', '{\"type\":\"Районна\",\"region\":\"Новомиколаївський\"}'),
(92, 2, 'Перелік районних автомобільних доріг загального користування місцевого значення Запорізької області', '', '_self', NULL, '#000000', 39, 1, '2020-01-20 14:36:15', '2020-01-20 15:18:49', 'roads.show', '{\"type\":\"Районна\",\"region\":\"Приазовський\"}'),
(93, 2, 'Перелік районних автомобільних доріг загального користування місцевого значення Запорізької області', '', '_self', NULL, '#000000', 40, 1, '2020-01-20 14:36:21', '2020-01-20 15:19:29', 'roads.show', '{\"type\":\"Районна\",\"region\":\"Приморський\"}'),
(94, 2, 'Перелік районних автомобільних доріг загального користування місцевого значення Запорізької області', '', '_self', NULL, '#000000', 38, 1, '2020-01-20 14:36:26', '2020-01-20 15:18:12', 'roads.show', '{\"type\":\"Районна\",\"region\":\"Пологівський\"}'),
(95, 2, 'Перелік районних автомобільних доріг загального користування місцевого значення Запорізької області', '', '_self', NULL, '#000000', 37, 1, '2020-01-20 14:36:32', '2020-01-20 15:17:24', 'roads.show', '{\"type\":\"Районна\",\"region\":\"Оріхівський\"}'),
(96, 2, 'Перелік районних автомобільних доріг загального користування місцевого значення Запорізької області', '', '_self', NULL, '#000000', 41, 1, '2020-01-20 14:36:38', '2020-01-20 15:20:12', 'roads.show', '{\"type\":\"Районна\",\"region\":\"Розівський\"}'),
(97, 2, 'Перелік районних автомобільних доріг загального користування місцевого значення Запорізької області', '', '_self', NULL, '#000000', 42, 1, '2020-01-20 14:36:44', '2020-01-20 15:21:06', 'roads.show', '{\"type\":\"Районна\",\"region\":\"Токмацький\"}'),
(98, 2, 'Перелік районних автомобільних доріг загального користування місцевого значення Запорізької області', '', '_self', NULL, '#000000', 43, 1, '2020-01-20 14:36:49', '2020-01-20 15:21:52', 'roads.show', '{\"type\":\"Районна\",\"region\":\"Чернігівський\"}'),
(99, 2, 'Перелік районних автомобільних доріг загального користування місцевого значення Запорізької області', '', '_self', NULL, '#000000', 44, 1, '2020-01-20 14:36:54', '2020-01-20 15:22:42', 'roads.show', '{\"type\":\"Районна\",\"region\":\"Якимівський\"}'),
(100, 1, 'Files', '', '_self', NULL, NULL, NULL, 4, '2020-02-01 17:29:58', '2020-02-01 17:34:43', 'voyager.files.index', NULL),
(101, 1, 'Images', '', '_self', NULL, NULL, NULL, 5, '2020-02-01 17:30:32', '2020-02-01 17:34:47', 'voyager.images.index', NULL);

-- --------------------------------------------------------

--
-- Структура таблицы `migrations`
--

CREATE TABLE `migrations` (
  `id` int(10) UNSIGNED NOT NULL,
  `migration` varchar(191) COLLATE utf8mb4_unicode_ci NOT NULL,
  `batch` int(11) NOT NULL
) ENGINE=InnoDB DEFAULT CHARSET=utf8mb4 COLLATE=utf8mb4_unicode_ci;

--
-- Дамп данных таблицы `migrations`
--

INSERT INTO `migrations` (`id`, `migration`, `batch`) VALUES
(25, '2014_10_12_000000_create_users_table', 1),
(26, '2014_10_12_100000_create_password_resets_table', 1),
(27, '2016_01_01_000000_add_voyager_user_fields', 1),
(28, '2016_01_01_000000_create_data_types_table', 1),
(29, '2016_05_19_173453_create_menu_table', 1),
(30, '2016_10_21_190000_create_roles_table', 1),
(31, '2016_10_21_190000_create_settings_table', 1),
(32, '2016_11_30_135954_create_permission_table', 1),
(33, '2016_11_30_141208_create_permission_role_table', 1),
(34, '2016_12_26_201236_data_types__add__server_side', 1),
(35, '2017_01_13_000000_add_route_to_menu_items_table', 1),
(36, '2017_01_14_005015_create_translations_table', 1),
(37, '2017_01_15_000000_make_table_name_nullable_in_permissions_table', 1),
(38, '2017_03_06_000000_add_controller_to_data_types_table', 1),
(39, '2017_04_21_000000_add_order_to_data_rows_table', 1),
(40, '2017_07_05_210000_add_policyname_to_data_types_table', 1),
(41, '2017_08_05_000000_add_group_to_settings_table', 1),
(42, '2017_11_26_013050_add_user_role_relationship', 1),
(43, '2017_11_26_015000_create_user_roles_table', 1),
(44, '2018_03_11_000000_add_user_settings', 1),
(45, '2018_03_14_000000_add_details_to_data_types_table', 1),
(46, '2018_03_16_000000_make_settings_value_nullable', 1),
(47, '2019_08_19_000000_create_failed_jobs_table', 1),
(50, '2016_01_01_000000_create_pages_table', 2),
(51, '2016_01_01_000000_create_posts_table', 2),
(52, '2016_02_15_204651_create_categories_table', 2),
(53, '2017_04_11_000000_alter_post_nullable_fields_table', 2),
(67, '2019_12_17_120746_type_articles', 3),
(68, '2019_12_19_114437_articles', 3),
(69, '2019_12_25_100359_web_pages', 3),
(70, '2020_01_03_143835_create_files_table', 3),
(71, '2020_01_04_125410_files_pg_ar', 3),
(72, '2020_01_05_154154_images', 3),
(73, '2020_01_05_154244_images_pg_ar', 3),
(75, '2020_01_13_101203_block_news', 4),
(76, '2020_01_17_154619_stan_dorig', 5),
(77, '2020_01_19_141048_regions', 6),
(78, '2020_01_19_150303_type_roads', 6),
(79, '2020_01_19_150357_roads', 6),
(80, '2020_02_06_145816_maps', 7);

-- --------------------------------------------------------

--
-- Структура таблицы `password_resets`
--

CREATE TABLE `password_resets` (
  `email` varchar(191) COLLATE utf8mb4_unicode_ci NOT NULL,
  `token` varchar(191) COLLATE utf8mb4_unicode_ci NOT NULL,
  `created_at` timestamp NULL DEFAULT NULL
) ENGINE=InnoDB DEFAULT CHARSET=utf8mb4 COLLATE=utf8mb4_unicode_ci;

-- --------------------------------------------------------

--
-- Структура таблицы `permissions`
--

CREATE TABLE `permissions` (
  `id` bigint(20) UNSIGNED NOT NULL,
  `key` varchar(191) COLLATE utf8mb4_unicode_ci NOT NULL,
  `table_name` varchar(191) COLLATE utf8mb4_unicode_ci DEFAULT NULL,
  `created_at` timestamp NULL DEFAULT NULL,
  `updated_at` timestamp NULL DEFAULT NULL
) ENGINE=InnoDB DEFAULT CHARSET=utf8mb4 COLLATE=utf8mb4_unicode_ci;

--
-- Дамп данных таблицы `permissions`
--

INSERT INTO `permissions` (`id`, `key`, `table_name`, `created_at`, `updated_at`) VALUES
(1, 'browse_admin', NULL, '2019-12-19 12:20:51', '2019-12-19 12:20:51'),
(2, 'browse_bread', NULL, '2019-12-19 12:20:51', '2019-12-19 12:20:51'),
(3, 'browse_database', NULL, '2019-12-19 12:20:51', '2019-12-19 12:20:51'),
(4, 'browse_media', NULL, '2019-12-19 12:20:51', '2019-12-19 12:20:51'),
(5, 'browse_compass', NULL, '2019-12-19 12:20:51', '2019-12-19 12:20:51'),
(6, 'browse_menus', 'menus', '2019-12-19 12:20:51', '2019-12-19 12:20:51'),
(7, 'read_menus', 'menus', '2019-12-19 12:20:51', '2019-12-19 12:20:51'),
(8, 'edit_menus', 'menus', '2019-12-19 12:20:51', '2019-12-19 12:20:51'),
(9, 'add_menus', 'menus', '2019-12-19 12:20:51', '2019-12-19 12:20:51'),
(10, 'delete_menus', 'menus', '2019-12-19 12:20:51', '2019-12-19 12:20:51'),
(11, 'browse_roles', 'roles', '2019-12-19 12:20:51', '2019-12-19 12:20:51'),
(12, 'read_roles', 'roles', '2019-12-19 12:20:51', '2019-12-19 12:20:51'),
(13, 'edit_roles', 'roles', '2019-12-19 12:20:51', '2019-12-19 12:20:51'),
(14, 'add_roles', 'roles', '2019-12-19 12:20:51', '2019-12-19 12:20:51'),
(15, 'delete_roles', 'roles', '2019-12-19 12:20:51', '2019-12-19 12:20:51'),
(16, 'browse_users', 'users', '2019-12-19 12:20:51', '2019-12-19 12:20:51'),
(17, 'read_users', 'users', '2019-12-19 12:20:51', '2019-12-19 12:20:51'),
(18, 'edit_users', 'users', '2019-12-19 12:20:51', '2019-12-19 12:20:51'),
(19, 'add_users', 'users', '2019-12-19 12:20:51', '2019-12-19 12:20:51'),
(20, 'delete_users', 'users', '2019-12-19 12:20:51', '2019-12-19 12:20:51'),
(21, 'browse_settings', 'settings', '2019-12-19 12:20:51', '2019-12-19 12:20:51'),
(22, 'read_settings', 'settings', '2019-12-19 12:20:51', '2019-12-19 12:20:51'),
(23, 'edit_settings', 'settings', '2019-12-19 12:20:51', '2019-12-19 12:20:51'),
(24, 'add_settings', 'settings', '2019-12-19 12:20:51', '2019-12-19 12:20:51'),
(25, 'delete_settings', 'settings', '2019-12-19 12:20:51', '2019-12-19 12:20:51'),
(41, 'browse_hooks', NULL, '2019-12-19 12:20:53', '2019-12-19 12:20:53'),
(42, 'browse_files', 'files', '2020-02-01 17:29:58', '2020-02-01 17:29:58'),
(43, 'read_files', 'files', '2020-02-01 17:29:58', '2020-02-01 17:29:58'),
(44, 'edit_files', 'files', '2020-02-01 17:29:58', '2020-02-01 17:29:58'),
(45, 'add_files', 'files', '2020-02-01 17:29:58', '2020-02-01 17:29:58'),
(46, 'delete_files', 'files', '2020-02-01 17:29:58', '2020-02-01 17:29:58'),
(47, 'browse_images', 'images', '2020-02-01 17:30:32', '2020-02-01 17:30:32'),
(48, 'read_images', 'images', '2020-02-01 17:30:32', '2020-02-01 17:30:32'),
(49, 'edit_images', 'images', '2020-02-01 17:30:32', '2020-02-01 17:30:32'),
(50, 'add_images', 'images', '2020-02-01 17:30:32', '2020-02-01 17:30:32'),
(51, 'delete_images', 'images', '2020-02-01 17:30:32', '2020-02-01 17:30:32');

-- --------------------------------------------------------

--
-- Структура таблицы `permission_role`
--

CREATE TABLE `permission_role` (
  `permission_id` bigint(20) UNSIGNED NOT NULL,
  `role_id` bigint(20) UNSIGNED NOT NULL
) ENGINE=InnoDB DEFAULT CHARSET=utf8mb4 COLLATE=utf8mb4_unicode_ci;

--
-- Дамп данных таблицы `permission_role`
--

INSERT INTO `permission_role` (`permission_id`, `role_id`) VALUES
(1, 1),
(2, 1),
(3, 1),
(4, 1),
(5, 1),
(6, 1),
(7, 1),
(8, 1),
(9, 1),
(10, 1),
(11, 1),
(12, 1),
(13, 1),
(14, 1),
(15, 1),
(16, 1),
(17, 1),
(18, 1),
(19, 1),
(20, 1),
(21, 1),
(22, 1),
(23, 1),
(24, 1),
(25, 1),
(41, 1),
(42, 1),
(43, 1),
(44, 1),
(45, 1),
(46, 1),
(47, 1),
(48, 1),
(49, 1),
(50, 1),
(51, 1);

-- --------------------------------------------------------

--
-- Структура таблицы `regions`
--

CREATE TABLE `regions` (
  `id` bigint(20) UNSIGNED NOT NULL,
  `name` varchar(191) COLLATE utf8mb4_unicode_ci NOT NULL
) ENGINE=InnoDB DEFAULT CHARSET=utf8mb4 COLLATE=utf8mb4_unicode_ci;

--
-- Дамп данных таблицы `regions`
--

INSERT INTO `regions` (`id`, `name`) VALUES
(1, 'Бердянський'),
(2, 'Більмацький'),
(3, 'Василівський'),
(4, 'Великобілозерський'),
(5, 'Веселівський'),
(6, 'Вільнянський'),
(7, 'Гуляйпільський'),
(8, 'Запорізький'),
(9, 'Кам’янсько-Дніпровський'),
(10, 'Мелітопольський'),
(11, 'Михайлівський'),
(12, 'Новомиколаївський'),
(13, 'Оріхівський'),
(14, 'Пологівський'),
(15, 'Приазовський'),
(16, 'Приморський'),
(17, 'Розівський'),
(18, 'Токмацький '),
(19, 'Чернігівський'),
(20, 'Якимівський');

-- --------------------------------------------------------

--
-- Структура таблицы `roads`
--

CREATE TABLE `roads` (
  `id` bigint(20) UNSIGNED NOT NULL,
  `title` varchar(191) COLLATE utf8mb4_unicode_ci DEFAULT NULL,
  `body` longtext COLLATE utf8mb4_unicode_ci,
  `meta_description` varchar(191) COLLATE utf8mb4_unicode_ci DEFAULT NULL,
  `meta_keywords` varchar(191) COLLATE utf8mb4_unicode_ci DEFAULT NULL,
  `id_user` bigint(20) UNSIGNED NOT NULL,
  `id_type` bigint(20) UNSIGNED NOT NULL,
  `id_region` bigint(20) UNSIGNED NOT NULL,
  `created_at` timestamp NULL DEFAULT NULL,
  `updated_at` timestamp NULL DEFAULT NULL
) ENGINE=InnoDB DEFAULT CHARSET=utf8mb4 COLLATE=utf8mb4_unicode_ci;

--
-- Дамп данных таблицы `roads`
--

INSERT INTO `roads` (`id`, `title`, `body`, `meta_description`, `meta_keywords`, `id_user`, `id_type`, `id_region`, `created_at`, `updated_at`) VALUES
(1, 'У Бердянському районі є 21 районна автомобільна дорога загального користування місцевого значення Запорізької області. Їх загальна протяжність складає 144,5 км.', '<p style=\"display: block; width: 0px; height: 0px; padding: 0px; border: 0px; margin: 0px; position: absolute; top: 0px; left: -9999px; opacity: 0; overflow: hidden;\">&nbsp;</p>\r\n\r\n<p><strong>С080101</strong> Андрівка - Осипенко 12,4 км</p>\r\n\r\n<p><strong>С080102</strong> Берестове - Миколаївка 25,7 км</p>\r\n\r\n<p><strong>С080103</strong> Роза - Нововасилівка 6,7 км</p>\r\n\r\n<p><strong>С080104</strong> /М-14/ - Бердянське - Деревецьке 12,1 км</p>\r\n\r\n<p><strong>С080105</strong> /М-14/ - Червоне Поле 5,4 км</p>\r\n\r\n<p><strong>С080106</strong> /М-14/ - Нововасилівка 1 км</p>\r\n\r\n<p><strong>С080107</strong> /Т-08-19/ - Малинівка 4,2 км</p>\r\n\r\n<p><strong>С080108</strong> Долинське - Кримка 3 км</p>\r\n\r\n<p><strong>С080109</strong> /О081491/ - Іванівка 2 км</p>\r\n\r\n<p><strong>С080110</strong> /О081491/ - Успенівка 3,5 км</p>\r\n\r\n<p><strong>С080111</strong> Дмитрівка - Шевченка 7,6 км</p>\r\n\r\n<p><strong>С080112</strong> /О081975/ - Шевченкове 13,4 км</p>\r\n\r\n<p><strong>С080113</strong> Троїцьке - /М-14/ 17,7 км</p>\r\n\r\n<p><strong>С080114</strong> Миколаївка - Радивонівка 3,5 км</p>\r\n\r\n<p><strong>С080115</strong> Берестове - Довбине 12,3 км</p>\r\n\r\n<p><strong>С080116</strong> Миколаївка - Новосолдатське 3,4 км</p>\r\n\r\n<p><strong>С080117</strong> /С080115/ - Сачки 2,6 км</p>\r\n\r\n<p><strong>С080118</strong> /О081491/ - Нива 2 км</p>\r\n\r\n<p><strong>С080119</strong>&nbsp; /Т-08-19/ - Радивонівка 4,6 км</p>\r\n\r\n<p><strong>С080120</strong> Під&rsquo;їзд до Троянівського елеватора 0,2 км</p>\r\n\r\n<p><strong>С080121</strong> /О080103/ - Куликівське 1,2 км</p>\r\n\r\n<p style=\"display: block; width: 0px; height: 0px; padding: 0px; border: 0px; margin: 0px; position: absolute; top: 0px; left: -9999px; opacity: 0; overflow: hidden;\">&nbsp;</p>', 'Бердянський', 'Бердянський', 3, 1, 1, '2020-01-19 16:52:32', '2020-02-05 10:56:52'),
(2, 'Бердянський район Запорізької області налічує 7 обласних автомобільних доріг загального користування місцевого значення. Їх загальна протяжність складає 194,6 км', '<p><strong>О080101</strong> Бердянськ-Осипенко - /М-14/ 24,3 км</p>\r\n\r\n<p><strong>О080102</strong> Шевченкове - Андрівка - Роза - Азовське - /М-14/ 32 км</p>\r\n\r\n<p><strong>О080103</strong> Старопетрівка - Новопетрівка - межа області 25,5 км</p>\r\n\r\n<p><strong>О081662</strong> Приморськ - Борисівка - Єлизаветівка - Андріївка - Берестове 34 км</p>\r\n\r\n<p><strong>О081663</strong> Борисівка - Дмитрівка - Софіївка 27,4 км</p>\r\n\r\n<p><strong>О081975</strong>&nbsp; /О081977/ - Обіточне - Андріївка 7,8 км</p>\r\n\r\n<p><strong>О081491</strong> Пологи-Кінські Роздори-Андріївка-Нововасилівка-<br />\r\nБердянськ 43,6 км</p>', 'Бердянський', 'Бердянський', 3, 2, 1, '2020-01-19 17:10:52', '2020-02-05 10:55:02'),
(3, 'У Більмацькому районі є 25 районних автомобільних доріг загального користування місцевого значення Запорізької області. Їх загальна протяжність складає 154 км.', '<ol>\r\n	<li><strong>С080901</strong> Більмак - станція Більманка 15,9 км</li>\r\n	<li><strong>С080902</strong> Більмак - Дубове 6,4 км</li>\r\n	<li><strong>С080903</strong> Благовіщенка - Білоцерківка 3,9 км</li>\r\n	<li><strong>С080904</strong> /О081491/ - Більманка 10,2 км</li>\r\n	<li><strong>С080905</strong> Діброве - Зразкове - /О081491/ 7,5 км</li>\r\n	<li><strong>С080906</strong> /Н-08/ - Гусарка 4,2 км</li>\r\n	<li><strong>С080907</strong> Гусарка - Зелений Гай 8,1 км</li>\r\n	<li><strong>С080908</strong> /Т-08-19/ - Благовіщенка 8,7 /км</li>\r\n	<li><strong>С080909</strong> С080901/ - станція 324 км 1 км</li>\r\n	<li><strong>С080910</strong> Більмак - Новоукраїнка - Гоголівка 13 км</li>\r\n	<li><strong>С080911</strong> /О081491/ - Ланцеве - /Т-08-19/ 20,5 км</li>\r\n	<li><strong>С080912</strong> /Н-08/ - Тополівка - /О081452/ 12 км</li>\r\n	<li><strong>С080913</strong> Вершина Друга &ndash; Смирнове 3,5 км</li>\r\n	<li><strong>С080914</strong> /О081452/ - Березівка 1,5 км</li>\r\n	<li><strong>С080915</strong> /О080925/ - Труженка 4,5 км</li>\r\n	<li><strong>С080916</strong> Дружне &ndash; Гусарка 7,8 км</li>\r\n	<li><strong>С080917</strong> Білоцерківка - Черешневе 10,1 км</li>\r\n	<li><strong>С080918</strong> Комиш-Зоря &ndash; Червоне Озеро 3,7 км</li>\r\n	<li><strong>С080919&nbsp;</strong>/Н-08/ - Очеретувате 2,3 км</li>\r\n	<li><strong>С080920</strong> /С080901/ - Трудове 1 км</li>\r\n	<li><strong>С080921</strong> /Т-08-19/ - Новокам&rsquo;янка 2 км</li>\r\n	<li><strong>С080922</strong> /Т-08-19/ - Грузьке 0,6 км</li>\r\n	<li><strong>С080923</strong> /С080905/ - Верхньодрагунське 2,7 км</li>\r\n	<li><strong>С080924</strong> Більмак - /Т-08-19/ 0,7 км</li>\r\n	<li><strong>С080925</strong> Більманка - Бережне 2,2 км</li>\r\n</ol>', NULL, NULL, 3, 1, 2, '2020-01-19 17:11:20', '2020-02-05 10:53:00'),
(4, 'Більмацький район Запорізької області налічує 6 обласних автомобільних доріг загального користування місцевого значення. Їх загальна протяжність складає 88,6 км.', '<ol>\r\n	<li><strong>О080616</strong> Любимівка - Самойлівка - Червоноселівка 17,4 км</li>\r\n	<li><strong>О080925</strong> Комиш-Зоря - Кузнецівка - Зачатівка 21,2 км</li>\r\n	<li><strong>О080926</strong> Самойлівка - Запорізьке &ndash; Новозлатопіль - /Н-08/ 1,7 км</li>\r\n	<li><strong>О081452</strong> Балочки &ndash; Надійне 18,6 км</li>\r\n	<li><strong>О081977</strong> Станція Верхній Токмак І - Вершина Друга 5,2 км</li>\r\n	<li><strong>О081491</strong> Пологи-Кінські Роздори-Андріївка-Нововасилівка-Бердянськ 24,5 км</li>\r\n</ol>', NULL, NULL, 3, 2, 2, '2020-01-19 17:11:37', '2020-02-05 10:51:51'),
(5, 'У Василівському районі є 34 районні автомобільні дороги загального користування місцевого значення Запорізької області. Їх загальна протяжність складає 193,2  км.', '<ol>\r\n	<li><strong>С080201</strong> /М-18/ - Степногірськ 2,2 км</li>\r\n	<li><strong>С080202</strong> /М-18/ - Верхня Криниця - /М-18/ 8,9 км</li>\r\n	<li><strong>С080203</strong> /М-18/ - Лісне - Лугове 7,9 км</li>\r\n	<li><strong>С080204</strong> Під&rsquo;їзд до станції Тавричеськ 0,6 км</li>\r\n	<li><strong>С080205</strong> /Н-30/ - Переможне - Тернувате 16,3 км</li>\r\n	<li><strong>С080206</strong> Під&rsquo;їзд до станції Тавричеськ 1,2 км</li>\r\n	<li><strong>С080207</strong> Під&rsquo;їзд до станції 1156 км 0,9 км</li>\r\n	<li><strong>С080208</strong> /О080288/ - Першотравневе - /Р-37/ 5,9 км</li>\r\n	<li><strong>С080209</strong> Балки &ndash; Дніпрорудне 2,7 км</li>\r\n	<li><strong>С080210</strong> /О080288/ - станція Каховське море 2,7 км</li>\r\n	<li><strong>С080211</strong> Мала Білозерка - до а/д Т-08-17 11,6 км</li>\r\n	<li><strong>С080212</strong> Плавні - /М-18/ 4 км</li>\r\n	<li><strong>С080213</strong> Під&rsquo;їзд до станції 1132 км 0,5 км</li>\r\n	<li><strong>С080214</strong> Кам&rsquo;янське - /М-18/ 1,9 км</li>\r\n	<li><strong>С080215</strong> /Т-08-12/ - Степове 2,6 км</li>\r\n	<li><strong>С080216</strong> Кам&rsquo;янське - Лобкове - П&rsquo;ятихатки 9,7 км</li>\r\n	<li><strong>С080217</strong> /С080203/ - /С080221/ 5,1 км</li>\r\n	<li><strong>С080218</strong> Жереб&rsquo;янки - Долинка - Коновалова 14,2 км</li>\r\n	<li><strong>С080219</strong> Долинка - Мирне 2,6 км</li>\r\n	<li><strong>С080220</strong> Долинка - Переможне 4,7 км</li>\r\n	<li><strong>С080221</strong> /М-18/ - Гладке - Грозове 14,9 км</li>\r\n	<li><strong>С080222</strong> Підгірне - Широке 1,6 км</li>\r\n	<li><strong>С080223</strong> Під&rsquo;їзд до с. Берегове 1,1 км</li>\r\n	<li><strong>С080224</strong> /О080288/ - Шевченка 2,3 км</li>\r\n	<li><strong>С080225</strong> Ясна Поляна - Орлянське 5,7 км</li>\r\n	<li><strong>С080226</strong> Магістральний канал - Орлянське 4,9 км</li>\r\n	<li><strong>С080227</strong> /О080288/ - Маячка 2,2 км</li>\r\n	<li><strong>С080228</strong> /О080288/ - Златопіль 2,9 км</li>\r\n	<li><strong>С080229</strong> Велика Білозерка - Балки 9,1 км</li>\r\n	<li><strong>С080230</strong> / Р-37/- Відножене - /Т-08-17/ 5,6 км</li>\r\n	<li><strong>С080231</strong> Відножене - /О080232/ 8,7 км</li>\r\n	<li><strong>С080232</strong> Тополине - Ул&rsquo;янівка - Мала Білозерка - Мехтік 15,1 км</li>\r\n	<li><strong>С080233</strong> /Т-08-17/- Новобілозерка - /Т-08-10/ 11,8 км</li>\r\n	<li><strong>С080234</strong>&nbsp;/М-18/ - елеватор 1,1 км</li>\r\n</ol>', NULL, NULL, 3, 1, 3, '2020-01-19 17:11:54', '2020-02-05 10:51:03'),
(6, 'Василівський район Запорізької області налічує 5 обласних автомобільних доріг загального користування місцевого значення. Їх загальна протяжність складає 80,2  км.', '<ol>\r\n	<li><strong>О080204</strong> Приморське - /М-18/ 10,4 км</li>\r\n	<li><strong>О080205</strong> /М-18/ - Приморське - Степногірськ - Малі Щербаки 36,9 км</li>\r\n	<li><strong>О080206</strong> /Н-30/ - Українка - Любимівка - станція Бурчацьк 5км</li>\r\n	<li><strong>О081133</strong>&nbsp; Михайлівка &ndash; Орлянське 5,3 км</li>\r\n	<li><strong>О080288</strong> Василівка &ndash; Дніпрорудне - /Р-37/ 22,6 км</li>\r\n</ol>', NULL, NULL, 3, 2, 3, '2020-01-19 17:12:05', '2020-02-05 10:49:37'),
(7, 'У у Великобілозерському районі є 7 районних автомобільних доріг загального користування місцевого значення Запорізької області. Їх загальна протяжність складає 39,7 км.', '<ol>\r\n	<li><strong>С080301</strong> Новопетрівка - Гюнівка 7,5 км</li>\r\n	<li><strong>С080302</strong> Велика Білозерка - Новопетрівка 16,3 км</li>\r\n	<li><strong>С080303</strong> Зелена Балка - Гюнівка 2,2 км</li>\r\n	<li><strong>С080304</strong> Велика Білозерка - /Т-08-10/ 6,1 км</li>\r\n	<li><strong>С080305</strong> /Т-08-10/ - Суворове 3,3 км</li>\r\n	<li><strong>С080306</strong> /Т-08-10/ - /Т-08-05/ 3,2 км</li>\r\n	<li><strong>С080307</strong> /С080304/ - /Т-08-10/ 1,1 км</li>\r\n</ol>', NULL, NULL, 3, 1, 4, '2020-01-20 10:22:41', '2020-02-05 10:48:53'),
(8, 'У Великобілозерському районі Запорізької області є одна обласна автомобільна дорога загального користування місцевого значення.', '<p><strong>О080307</strong> Велика Білозерка - Верхній Рогачик протяжністю 13,8 км.</p>', NULL, NULL, 3, 2, 4, '2020-01-20 10:23:15', '2020-02-05 10:13:25'),
(9, 'У Веселівському районі є 23 районні автомобільні дороги загального користування місцевого значення Запорізької області. Їх загальна протяжність складає 135,1  км.', '<ol>\r\n	<li><strong>С080401</strong> Добровольчеське - Чкалове 19,8 км</li>\r\n	<li><strong>С080402</strong> Веселе - Далеке 14,8 км</li>\r\n	<li><strong>С080403</strong> Калинівка - Піскошине - Менчикури 24,5 км</li>\r\n	<li><strong>С080404</strong> /Т-08-05/ - станція Нововесела 3,9 км</li>\r\n	<li><strong>С080405</strong> Станція Нововесела - /О080409/ 4 км</li>\r\n	<li><strong>С080406</strong> /Т-08-05/ - Запоріжжя 1,5 км</li>\r\n	<li><strong>С080407</strong> Новоуспенівка - Братолюбівка - /Т-08-05/ 10,2 км</li>\r\n	<li><strong>С080408</strong> /О080408/ - Гоголівка 2 км</li>\r\n	<li><strong>С080409</strong> /О080408/ - Мусіївка 1,3 км</li>\r\n	<li><strong>С080410</strong> /О080408/ - Зелений Луг 2,1 км</li>\r\n	<li><strong>С080411</strong> Чкалове - /О080408/ 9,5 км</li>\r\n	<li><strong>С080412</strong> Під&rsquo;їзд до станції 51 км 2,5 км</li>\r\n	<li><strong>С080413</strong> Корніївка - /С080401/ 3,2 км</li>\r\n	<li><strong>С080414</strong> /Т-08-05/ - Ентузіаст 1,7 км</li>\r\n	<li><strong>С080415</strong> /Т-08-05/ - Ясна Поляна 2,3 км</li>\r\n	<li><strong>С080416</strong> Менчикури - Новоолександрівка 2,4 км</li>\r\n	<li><strong>С080417</strong> /О080409/ - Авангард 9,4 км</li>\r\n	<li><strong>С080418</strong> /Т-08-05/ - Білівське 1,5 км</li>\r\n	<li><strong>С080419</strong> /Т-08-05/ - Таврія 3,6 км</li>\r\n	<li><strong>С080420</strong> /Т-08-05/ - Першотравневе 6,8 км</li>\r\n	<li><strong>С080421</strong> /Т-08-11/ - Новоіванівка 2,8 км</li>\r\n	<li><strong>С080422</strong> /Т-08-11/ - Восход 2,8 км</li>\r\n	<li><strong>С080423</strong> /Т-08-05/ - під&rsquo;їзд до хлібоприймального пункту 2,5 км</li>\r\n</ol>', NULL, NULL, 3, 1, 5, '2020-01-20 10:23:24', '2020-02-05 10:06:49'),
(10, 'Веселівський район Запорізької області налічує 3 обласні автомобільні дороги загального користування місцевого значення. Їх загальна протяжність складає 50,2 км.', '<ol>\r\n	<li><strong>О080408</strong> Веселе - Нижні Сірогози 20 км</li>\r\n	<li><strong>О080409</strong> Веселе - Озерне - Новоданилівка 27 км</li>\r\n	<li><strong>О081190</strong> Михайлівка - Матвіївка 3,2 км</li>\r\n</ol>', NULL, NULL, 3, 2, 5, '2020-01-20 10:23:31', '2020-02-05 10:05:37'),
(11, 'У Вільнянському районі є 47 районних автомобільних доріг загального користування місцевого значення Запорізької області. Їх загальна протяжність складає 293,1  км.', '<ol>\r\n	<li><strong>С080501</strong> Вільноандріївка - /М-18/ 10,2 км</li>\r\n	<li><strong>С080502</strong> /М-18/ - Кам&rsquo;яне 15,7 км</li>\r\n	<li><strong>С080503</strong> /Н-15/ - Укромне 21,1 км</li>\r\n	<li><strong>С080504</strong> /О080511/ - Привільне 9,3 км</li>\r\n	<li><strong>С080505</strong> Підпорожнянське - /М-18/ 9,5 км</li>\r\n	<li><strong>С080506</strong> Трудолюбівка - Максимівка - /Н-15/ 25,1 км</li>\r\n	<li><strong>С080507</strong> Володимирівка - Антонівка - /Н-15/ 7,2 км</li>\r\n	<li><strong>С080508</strong> /М-18/ - Криничне &ndash; Василівське - Матвіївка 10,5 км</li>\r\n	<li><strong>С080509</strong> Тернівка - /М-18/ 4км</li>\r\n	<li><strong>С080510</strong> Біляївка-Роздолля-Резедівка 9,7 км</li>\r\n	<li><strong>С080511</strong> /О080512/ - Купріянівка &ndash; Троянди 5,4 км</li>\r\n	<li><strong>С080512</strong> Семененкове - Значкове 4,7 км</li>\r\n	<li><strong>С080513</strong> /Н-15/ - Вільнянськ - /Н-15/ 5,5 км</li>\r\n	<li><strong>С080514</strong> Шевченко-Тернівка 6,3 км</li>\r\n	<li><strong>С080515</strong> Новомиргородка-Антонівка 3 км</li>\r\n	<li><strong>С080516</strong>&nbsp; Широке-Терсянка-Васильківське 14 км</li>\r\n	<li><strong>С080517</strong> Михайло-Лукашеве - Миролюбівка 5,5 км</li>\r\n	<li><strong>С080518</strong> Великодубове - /М-18/ 4 км</li>\r\n	<li><strong>С080519</strong> Улянівка &ndash; Петро-Михайлівка 8,9 км</li>\r\n	<li><strong>С080520</strong> Запорізьке - Соколівка - /М-18/ 7 км</li>\r\n	<li><strong>С080521</strong> Вільнянськ-Зелене 2 км</li>\r\n	<li><strong>С080522</strong> /М-18/ - Георгіївське 1,5 км</li>\r\n	<li><strong>С080523</strong> /Н-15/ - Нововасилівка - Поди 6,5 км</li>\r\n	<li><strong>С080524</strong> /О080510/ - Петрівське 1 км</li>\r\n	<li><strong>С080525</strong> Станція Янцеве - Новософіївка 2,2 км</li>\r\n	<li><strong>С080526</strong> Значкове-Веселівське-Микільське 11,8 км</li>\r\n	<li><strong>С080527</strong> Шевченкове-Любомирівка 13,4 км</li>\r\n	<li><strong>С080528</strong> /О080511/ - Солоне 1 км</li>\r\n	<li><strong>С080529</strong> /М-18/ - Якимівка 5,3 км</li>\r\n	<li><strong>С080530</strong> /С080519/ - Грушівка - Круглик 8,4 км</li>\r\n	<li><strong>С080531</strong> Вільнянськ-Новоселівка-Вільнянка 4,3 км</li>\r\n	<li><strong>С080532</strong> /О080510/ - Веселотернувате 6 км</li>\r\n	<li><strong>С080533</strong> /С080503/ - Благовіщенське 4,3 км</li>\r\n	<li><strong>С080534</strong> Тарасівка-Дніпровка 4,9 км</li>\r\n	<li><strong>С080535</strong> /С080506/ - Козаче 4,6 км</li>\r\n	<li><strong>С080536</strong> Купріянівка-Мала Купріянівка 3,2 км</li>\r\n	<li><strong>С080537</strong> Скелювате-Вишняки 1,5 км</li>\r\n	<li><strong>С080538</strong> /С080504/ - Новоукраїнка 1,2 км</li>\r\n	<li><strong>С080539</strong> /О080512/ - Спасівка 1,1 км</li>\r\n	<li><strong>С080540</strong> /О080510/ - Губенське 2,3 км</li>\r\n	<li><strong>С080541</strong> /О080511/ - Козаківське 2,2 км</li>\r\n	<li><strong>С080542</strong> Вільноандріївка-Пристань 0,7 км</li>\r\n	<li><strong>С080543</strong> Дерезівка - /О080511/ 4,1 км</li>\r\n	<li><strong>С080544</strong> Кам&rsquo;яне-Бекарівка 3,3 км</li>\r\n	<li><strong>С080545</strong> Михайлівка-Георгіївське 4,5 км</li>\r\n	<li><strong>С080546</strong> Соколівка-Андріївка 4 км</li>\r\n	<li><strong>С080547</strong>&nbsp;Соколівка-Сергіївка 1,2 км</li>\r\n</ol>', NULL, NULL, 3, 1, 6, '2020-01-20 10:23:38', '2020-02-05 10:04:51'),
(12, 'Вільнянський район Запорізької області налічує 6 обласних автомобільних доріг загального користування місцевого значення. Їх загальна протяжність складає 116,2 км.', '<ol>\r\n	<li><strong>О080510</strong> Вільнянськ &ndash; Орлівське 41,9 км</li>\r\n	<li><strong>О080511</strong> Вільнянськ &ndash; Славгород 19,8 км</li>\r\n	<li><strong>О080512</strong> Вільнянськ - Бекарівка &ndash; Новотаврійське - /Н-08/ 14,1 км</li>\r\n	<li><strong>О080513</strong> /М-18/ &ndash; Новогупалівка 13,7 км</li>\r\n	<li><strong>О080514</strong> /Н-15/ - Наталівка - Новоолександрівка - Малокатеринівка 6,6 км</li>\r\n	<li><strong>О081237</strong> Новомиколаївка - Сторчове - Максимівка - Михайло-Лукашеве 20,1 км</li>\r\n</ol>', NULL, NULL, 3, 2, 6, '2020-01-20 10:23:45', '2020-02-05 10:03:03'),
(13, 'У Гуляйпільському районі є 44 районні автомобільні дороги загального користування місцевого значення Запорізької області. Їх загальна протяжність складає 162,1 км.', '<ol>\r\n	<li><strong>С080601</strong> /О080619/ - Темирівка 2 км</li>\r\n	<li><strong>С080602</strong> /О080619/ - Рівнопілля 2,5 км</li>\r\n	<li><strong>С080603</strong> Веселе-Червоне-Степанівка 13,3 км</li>\r\n	<li><strong>С080604</strong> Рівне-Копані 4,5 км</li>\r\n	<li><strong>С080605</strong> Зелене-Залізничне 8 км</li>\r\n	<li><strong>С080606</strong> Гуляйполе-Зелене-Прилуки 11,5 км</li>\r\n	<li><strong>С080607</strong> Новодарівка-Ремівка-Любимівка 15,1 км</li>\r\n	<li><strong>С080608</strong> Добропілля-Успенівка-Малинівка 28,7 км</li>\r\n	<li><strong>С080609</strong> Полтавка-Ольгівське 7,9 км</li>\r\n	<li><strong>С080610</strong> Гуляйпільське - /С080611/ 4,9 км</li>\r\n	<li><strong>С080611</strong> Чарівне-Загірне 12,7 км</li>\r\n	<li><strong>С080612</strong> /О080619/ - Новогригорівка 4 км</li>\r\n	<li><strong>С080613</strong> /О080619/ - Нове 1,8 км</li>\r\n	<li><strong>С080614</strong> /О081238/ - Гірке 4 км</li>\r\n	<li><strong>С080615</strong> Дорожнянка-Культурне 1,3 км</li>\r\n	<li><strong>С080616</strong> /О080618/ - Вишневе 3,9 км</li>\r\n	<li><strong>С080617</strong> /О080618/ - Затишшя 1,8 км</li>\r\n	<li><strong>С080618</strong> /С080607/ - Левадне 4 км</li>\r\n	<li><strong>С080619</strong> Красногірське - Привільне - /О080619/ 8,7 км</li>\r\n	<li><strong>С080620</strong> /Т-08-14/ - Мирне 5 км</li>\r\n	<li><strong>С080621</strong> Воздвижівка - /С080606/ 5,9 км</li>\r\n	<li><strong>С080622</strong> /С080608/ - Рибне 4,3 км</li>\r\n	<li><strong>С080623</strong> /С080608/ - Охотниче 1,7 км</li>\r\n	<li><strong>С080624</strong> Темирівка-Обратне 4,6 км</li>\r\n</ol>', NULL, NULL, 3, 1, 7, '2020-01-20 10:23:54', '2020-02-05 10:02:01'),
(14, 'Гуляйпільський район Запорізької області налічує 7 обласних автомобільних доріг загального користування місцевого значення. Їх загальна протяжність складає 135,9 км.', '<ol>\r\n	<li><strong>О081238</strong> Терсянка - Тернувате - Верхня Терса - станція Залізничне 18,2 км</li>\r\n	<li><strong>О080615</strong> Гуляйполе - Марфопіль - Новоселівка - Тернове 8,3 км</li>\r\n	<li><strong>О080616</strong> Любимівка - Самойлівка - Червоноселівка 4 км</li>\r\n	<li><strong>О080617</strong> Приютне - Новозлатопіль - Красноселівка - Федорівка Кінські Роздори 20,3 км</li>\r\n	<li><strong>О080618</strong> Гуляйполе &ndash; Любимівка &ndash; Старомлинівка 38,8 км</li>\r\n	<li><strong>О080619</strong> Гуляйполе &ndash; Успенівка &ndash; Зелене Поле 32,3 км</li>\r\n	<li><strong>О081344</strong> Свобода - Широке &ndash; Верхня Терса &ndash; Криничне 14 км</li>\r\n</ol>', NULL, NULL, 3, 2, 7, '2020-01-20 10:24:01', '2020-02-05 10:00:42'),
(15, 'У Запорізькому районі є 35 районних автомобільних доріг загального користування місцевого значення Запорізької області. Їх загальна протяжність складає 256,5 км.', '<ol>\r\n	<li><strong>С080701</strong> Яворницьке-Нововознесенка-Веселе - /Н-08/ 15,6 км</li>\r\n	<li><strong>С080702</strong> Веселе - /Н-08/ 3 км</li>\r\n	<li><strong>С080703</strong> Миколай-Поле - /Н-08/ 2,3 км</li>\r\n	<li><strong>С080704</strong> Надія-Івангород-Августинівка 9,6 км</li>\r\n	<li><strong>С080705</strong> Лукашеве-Володимирівське 13,9 км</li>\r\n	<li><strong>С080706</strong> Водяне - Широке - /Н-08/ 13,5 км</li>\r\n	<li><strong>С080707</strong> Широке-Долинське-Біленьке 39 км</li>\r\n	<li><strong>С080708</strong> /С080726/ - станція Канцерівка-Нове Запоріжжя 3,7 км</li>\r\n	<li><strong>С080709</strong> /М-18/ - Наталівка - Черепівське 11,4 км</li>\r\n	<li><strong>С080710</strong> Степне- /Н-08/ 2,8 км</li>\r\n	<li><strong>С080711</strong> Кушугум- /Н-08/ 11,6 км</li>\r\n	<li><strong>С080712</strong> Під&rsquo;їзд до станції Ростуща 3 км</li>\r\n	<li><strong>С080713</strong> Степне-Наталівка 4 км</li>\r\n	<li><strong>С080714</strong> /М-18/ - Григорівка 3,3 км</li>\r\n	<li><strong>С080715</strong> Морозівка - Миколай-Поле - /Р-73/ 7,7 км</li>\r\n	<li><strong>С080716</strong> Федорівка-Августинівка-Відрадне 13,2 км</li>\r\n	<li><strong>С080717</strong> Долинівка-Новопетрівка 3,4 км</li>\r\n	<li><strong>С080718</strong> /Н-08/ - Крилівське 9 км</li>\r\n	<li><strong>С080719</strong> /Н-08/ - Відрадне 5,4 км</li>\r\n	<li><strong>С080720</strong> Світанок-Привітне 6,2 км</li>\r\n	<li><strong>С080721</strong> /С080716/ - Лемешинське 1,6 км</li>\r\n	<li><strong>С080722</strong> /С080719/ - Придніпровське 5,9 км</li>\r\n	<li><strong>С080723</strong> /С080722/ - Гурського 1,7 км</li>\r\n	<li><strong>С080724</strong> Біленьке-Червонодніпровка 5,1 км</li>\r\n	<li><strong>С080725</strong> Шевченківське - Запорожець - /М-18/ 18 км</li>\r\n	<li><strong>С080726</strong> Зеленопілля-Верхня Хортиця 6 км</li>\r\n	<li><strong>С080727</strong> Долинське-Бабурка 4 км</li>\r\n	<li><strong>С080728</strong> /С080727/ - Новослобідка 6,8 км</li>\r\n	<li><strong>С080729</strong> Уділенське-Новосергіївка 3,2 км</li>\r\n	<li><strong>С080730</strong> Мар&rsquo;ївка - /О080789/ 11,7 км</li>\r\n	<li><strong>С080731</strong> Під&rsquo;їзд до с. Розумівка 4 км</li>\r\n	<li><strong>С080732</strong> Під&rsquo;їзд до с. Лисогірка 1,6 км</li>\r\n	<li><strong>С080733</strong> Наталівка &ndash; Івано-Ганнівка 2,3 км</li>\r\n	<li><strong>С080734&nbsp;</strong>/С080707/ - комбікормовий завод 0,8 км</li>\r\n	<li><strong>С080735</strong> Малокатеринівка - цех переробки м&rsquo;яса 2,2 км</li>\r\n</ol>', NULL, NULL, 3, 1, 8, '2020-01-20 10:24:07', '2020-02-05 09:59:51'),
(16, 'Запорізький район Запорізької області налічує 4 обласні автомобільні дороги загального користування місцевого значення. Їх загальна протяжність складає 82,5 км.', '<ol>\r\n	<li><strong>О080514</strong> /Н-15/ - Наталівка - Новоолександрівка - Малокатеринівка 27,2 км</li>\r\n	<li><strong>О080720</strong> /М-18/ - Балабине - Малокатеринівка 19,5 км</li>\r\n	<li><strong>О080721</strong> Лежине &ndash; Новостепнянське &ndash; Кирпотине 7,5 км</li>\r\n	<li><strong>О080789</strong> Запоріжжя - Біленьке 28,3 км</li>\r\n</ol>', NULL, NULL, 3, 2, 8, '2020-01-20 10:24:12', '2020-02-05 09:58:23'),
(17, 'У Кам’янсько-Дніпровському районі є 15 районних автомобільних доріг загального користування місцевого значення Запорізької області. Їх загальна протяжність складає 132,3 км.', '<ol>\r\n	<li><strong>С080801</strong> Водяне-Іванівка 27,8 км</li>\r\n	<li><strong>С080802</strong> Велика Знам&rsquo;янка - Кам&rsquo;янка - /Т-08-05/ 20,7 км</li>\r\n	<li><strong>С080803</strong> /О080824/ - Нововодяне 2 км</li>\r\n	<li><strong>С080804</strong> Кам&rsquo;янка-Дніпровська &ndash; Степове 10,4 км</li>\r\n	<li><strong>С080805</strong> /О080824/ - /С080814/ 11 км</li>\r\n	<li><strong>С080806</strong> /С080814/ - Цвіткове 2,7 км</li>\r\n	<li><strong>С080807</strong> Новодніпровка-Подове 5 км</li>\r\n	<li><strong>С080808</strong> /С080802/ - Лиманний 1,5 км</li>\r\n	<li><strong>С080809</strong> Благовіщенка-Шляхове 8,9 км</li>\r\n	<li><strong>С080810</strong> /О080822/ - Новоолексіївка 8,3 км</li>\r\n	<li><strong>С080811</strong> /С080801/ - Мічуріна 2,8 км</li>\r\n	<li><strong>С080812</strong> /Т-08-04/ - /О080822/ 7,2 км</li>\r\n	<li><strong>С080813</strong> Заповітне-Степове 12 км</li>\r\n	<li><strong>С080814</strong> /Т-08-05/ - /Р-37/ 11 км</li>\r\n	<li><strong>С080815</strong> Благовіщенка &ndash; хлібоприймальний пункт 1 км</li>\r\n</ol>', NULL, NULL, 3, 1, 9, '2020-01-20 10:24:19', '2020-02-05 09:57:37'),
(18, 'Кам’янсько-Дніпровський район Запорізької області налічує 3 обласні автомобільні дороги загального користування місцевого значення. Їх загальна протяжність складає 57,8 км.', '<ol>\r\n	<li><strong>О080822</strong> Велика Знам&rsquo;янка - Верхній Рогачик 18 км</li>\r\n	<li><strong>О080823</strong> /Т-08-04/ - Дніпровка 19,7 км</li>\r\n	<li><strong>О080824</strong> Дніпровка - Благовіщенка - /Р-37/ 20,1 км</li>\r\n</ol>', NULL, NULL, 3, 2, 9, '2020-01-20 10:24:28', '2020-02-05 09:56:24'),
(19, 'У Мелітопольському районі є 35 районних автомобільних доріг загального користування місцевого значення Запорізької області. Їх загальна протяжність складає 132,3 км.', '<ol>\r\n	<li><strong>С081001</strong> Новоякимівка - Високе - /М-14/ 11,6 км</li>\r\n	<li><strong>С081002</strong> Нове - /М-18/ 0,5 км</li>\r\n	<li><strong>С081003</strong> /Т-08-11/ - станція Федорівка 0,6 км</li>\r\n	<li><strong>С081004</strong> /М-14/ - Кирпичне - /М-18/ 9,5 км</li>\r\n	<li><strong>С081005</strong> Мелітополь-Обільне 5 км</li>\r\n	<li><strong>С081006</strong> Трудове-Новопилипівка 28,9 км</li>\r\n	<li><strong>С081007</strong>&nbsp; /М-18/-Семенівка-Новопилипівка 10,3 км</li>\r\n	<li><strong>С081008</strong> Степне-Полянівка 7 км</li>\r\n	<li><strong>С081009</strong> Верховина-Долинське 21,5 км</li>\r\n	<li><strong>С081010</strong> /М-14/ - /С081009/ 3,6 км</li>\r\n	<li><strong>С081011</strong> Малий Утлюг-Високе 8,5 км</li>\r\n	<li><strong>С081012</strong> Високе-Новгородківка 12,8 км</li>\r\n	<li><strong>С081013</strong> Новопилипівка-Оленівка 7,4 км</li>\r\n	<li><strong>С081014</strong> Берегове - /О081869/ 1,7 км</li>\r\n	<li><strong>С081015</strong> Привільне - /О081869/ 1 км</li>\r\n	<li><strong>С081016</strong> Зарічне-Тихонівка 9,7 км</li>\r\n	<li><strong>С081017</strong> Привільне - /М-18/ 1,6 км</li>\r\n	<li><strong>С081018</strong> /М-18/ - Спаське 2,6 км</li>\r\n	<li><strong>С081019</strong>&nbsp; Під&rsquo;їзд до с. Садове 2,9 км</li>\r\n	<li><strong>С081020</strong>&nbsp; /М-18/- Пісчане 1 км</li>\r\n	<li><strong>С081021</strong> Зеленчук-Новомиколаївка 9 км</li>\r\n	<li><strong>С081022</strong> /М-18/ - Північне - /Т-04-01/ 2,5 км</li>\r\n	<li><strong>С081023</strong> Трудове-Південне 4,7 км</li>\r\n	<li><strong>С081024</strong> /О081032/ - Волошкове 3,4 км</li>\r\n	<li><strong>С081025</strong> Соснівка - /С081016/ 1 км</li>\r\n	<li><strong>С081026</strong> /М-18/ - Зелене 2,4 км</li>\r\n	<li><strong>С081027</strong> Під&rsquo;їзд до с. Тащенак 2,8 км</li>\r\n	<li><strong>С081028</strong> Трудове - /Т-08-05/ 0,6 км</li>\r\n	<li><strong>С081029</strong> Маяк-Новгородківка 6 км</li>\r\n	<li><strong>С081030</strong> Фруктове-Кирпичне 2,3 км</li>\r\n	<li><strong>С081031</strong> /Т-08-11/ - станція Федорівка 2,6 км</li>\r\n	<li><strong>С081032</strong> /М-18/ - військова частина 1 км</li>\r\n	<li><strong>С081033</strong>&nbsp;/Т-08-05/ - Першотравневе 2 км</li>\r\n	<li><strong>С081034</strong>&nbsp;Астраханка - Розівка - /О081560/ 1,4 км</li>\r\n	<li><strong>С081035</strong>&nbsp;Під&rsquo;їзд до с. Мирне 1,5 км</li>\r\n</ol>', NULL, NULL, 3, 1, 10, '2020-01-20 10:24:34', '2020-02-05 09:55:34'),
(20, 'Мелітопольський район Запорізької області налічує 8 обласних автомобільних доріг загального користування місцевого значення. Їх загальна протяжність складає 190,9 км.', '<ol>\r\n	<li><strong>О081029</strong> /М-18/ &ndash; Данило-Іванівка - Радивонівка 3,9 км</li>\r\n	<li><strong>О081030</strong> Арабка-Астраханка-Мордвинівка-Гірсовка-Степанівка-Перша 49,5км</li>\r\n	<li><strong>О081031</strong>&nbsp; Орлове - Світле - Владівка - Степове 6,3 км</li>\r\n	<li><strong>О081032</strong> Світлодолинське -Астраханка -Нововасилівка-Ботієве 26 км</li>\r\n	<li><strong>О081869</strong> Токмак - Лагідне - Зарічне 17,1 км</li>\r\n	<li><strong>О081870</strong> Молочанськ - Старобогданівка - Троїцьке Терпіння &ndash; Трудове 39,2 км</li>\r\n</ol>', NULL, NULL, 3, 2, 10, '2020-01-20 10:24:40', '2020-02-05 09:53:49'),
(21, 'У Михайлівському районі є 26 районних автомобільних доріг загального користування місцевого значення Запорізької області. Їх загальна протяжність складає 163,9 км.', '<ol>\r\n	<li><strong>С081101</strong> /Т-08-18/ - Бурчак - Лиманівка 11,9 км</li>\r\n	<li><strong>С081102</strong> Пришиб-Смиренівка-Тарсалак 18,5 км</li>\r\n	<li><strong>С081103</strong> /М-18/ - Пришиб 8,8 км</li>\r\n	<li><strong>С081104</strong> Олександрівка-Плодородне-Старобогданівка 32,5 км</li>\r\n	<li><strong>С081105</strong> /М-18/ - Високе 1,9 км</li>\r\n	<li><strong>С081106</strong> Вовківка - /Т-08-10/ 4,7 км</li>\r\n	<li><strong>С081107</strong> Виноградівка-Роздол 2,8 км</li>\r\n	<li><strong>С081108</strong> Українка-Лиманівка-Любимівка 7 км</li>\r\n	<li><strong>С081109</strong> Трудовик-Абрикосівка 3 км</li>\r\n	<li><strong>С081110</strong> Шевченка - Вишнівка - /С081103/ 5,8 км</li>\r\n	<li><strong>С081111</strong> Тимошівка-Переверзівка 17,3&nbsp; км</li>\r\n	<li><strong>С081112</strong>&nbsp; Пришиб-Розівка 2,4 км</li>\r\n	<li><strong>С081113</strong> &nbsp; /М-18/ - Тракторне 3 км</li>\r\n	<li><strong>С081114</strong>&nbsp; Смиренівка-Тракторне-Показне 5,2 км</li>\r\n	<li><strong>С081115</strong> &nbsp; /С081102/ - Першотравневе 1,5 км</li>\r\n	<li><strong>С081116</strong> &nbsp; Солодке-Підгірне 5,9 км</li>\r\n	<li><strong>С081117</strong> &nbsp; /О081135/ - Новомиколаївка 3 км</li>\r\n	<li><strong>С081118</strong>&nbsp; /Т-08-11/ - Миколаївка 1,5 км</li>\r\n	<li><strong>С081119</strong>&nbsp; /С081104/ - Братське 2,7 км</li>\r\n	<li><strong>С081120</strong> &nbsp; /М-18/ - Радісне 3,1 км</li>\r\n	<li><strong>С081121</strong>&nbsp; /М-18/ - Трудолюбимівка 9,5 км</li>\r\n	<li><strong>С081122</strong>&nbsp; /О081136/ - Солов&rsquo;ївка 3,5 км</li>\r\n	<li><strong>С081123</strong>&nbsp; /О081136/ - Суворове 0,5 км</li>\r\n	<li><strong>С081124</strong>&nbsp; Трудолюбимівка-Рівне 4,9 км</li>\r\n	<li><strong>С081125</strong>&nbsp; /Т-08-10/ - Слов&rsquo;янка 2,2 км</li>\r\n	<li><strong>С081126</strong>&nbsp; /О080206/ - Петрівка 0,8 км</li>\r\n</ol>', NULL, NULL, 3, 1, 11, '2020-01-20 10:25:28', '2020-02-05 09:53:05'),
(22, 'Михайлівський район Запорізької області налічує 7 обласних автомобільних доріг загального користування місцевого значення. Їх загальна протяжність складає 93,4 км.', '<ol>\r\n	<li><strong>О081133</strong> Михайлівка - Орлянське 3,6 км</li>\r\n	<li><strong>О081134</strong> /М-18/ - Роздол - Кохане 15,1 км</li>\r\n	<li><strong>О080206</strong> /Н-30/ - Українка &ndash; Любимівка &ndash; станція Бурчацьк 22,4 км</li>\r\n	<li><strong>О081135</strong> Михайлівка - /Т-08-11/ 16,5 км</li>\r\n	<li><strong>О081136</strong> Високе - Молочанськ - Новомиколаївка 9,3 км</li>\r\n	<li><strong>О081870</strong> Молочанськ - Старобогданівка - Троїцьке - Терпіння &ndash; Трудове 7,1 км</li>\r\n	<li><strong>О081190</strong> Михайлівка-Матвіївка 19,4 км</li>\r\n</ol>', NULL, NULL, 3, 2, 11, '2020-01-20 10:25:36', '2020-02-05 09:51:36'),
(23, 'У Новомиколаївському районі є 30 районних автомобільних доріг загального користування місцевого значення Запорізької області. Їх загальна протяжність складає 183,2 км.', '<ol>\r\n	<li><strong>С081201</strong> Любицьке-Різдвянка 18,3 км</li>\r\n	<li><strong>С081202</strong> /Н-15/ - Тернувате - Зарічне 16,4 км</li>\r\n	<li><strong>С081203</strong> Новомиколаївка-Веселий Гай 8 км</li>\r\n	<li><strong>С081204</strong> Берестове - Веселий Гай - /Н-15/ 20 км</li>\r\n	<li><strong>С081205</strong> Новокасянівка - /Н-15/ 1,5 км</li>\r\n	<li><strong>С081206</strong> /О081238/ - Самойлівка 4,4 км</li>\r\n	<li><strong>С081207</strong> Воскресенка-Ніженка 7,2 км</li>\r\n	<li><strong>С081208</strong> Розівка - Зелена Діброва 2,5 км</li>\r\n	<li><strong>С081209</strong> Мирівка-Любицьке-Данилівка 7,3 км</li>\r\n	<li><strong>С081210</strong> Островське - /С081203/ 2 км</li>\r\n	<li><strong>С081211</strong> Підгірне - Вікторівка - Мар&rsquo;янівка - /Т-04-08/ 11,9 км</li>\r\n	<li><strong>С081212</strong> Сорочине-Голубкове 11,6 км</li>\r\n	<li><strong>С081213</strong> Вікторівка-Кринівка 3,5 км</li>\r\n	<li><strong>С081214</strong> Київське-Трудове 2,1 км</li>\r\n	<li><strong>С081215</strong> Софіївка-Горлицьке 9,9 км</li>\r\n	<li><strong>С081216</strong> Граничне-Дудникове 3,1 км</li>\r\n	<li><strong>С081217</strong> Дубовий Гай - /Н-15/ 1,8 км</li>\r\n	<li><strong>С081218</strong> Іванівське - Кам&rsquo;янувате - /Т-04-08/ 8,8 км</li>\r\n	<li><strong>С081219</strong> Новогригорівка-Іванівське 6,2 км</li>\r\n	<li><strong>С081220</strong> Шевченківське-Благодатне 4,6 км</li>\r\n	<li><strong>С081221</strong> /Н-15/ - Листівка 8,8 км</li>\r\n	<li><strong>С081222</strong> /С081221/ - Миколаївка Друга 3,2 км</li>\r\n	<li><strong>С081223</strong> Петропавлівське - /О081237/ 2 км</li>\r\n	<li><strong>С081224</strong> Лісне - /С081209/ 1,5 км</li>\r\n	<li><strong>С081225</strong> Зелене - /С081202/ 1,5 км</li>\r\n	<li><strong>С081226</strong> Рибальське - /С081202/ 3,2 км</li>\r\n	<li><strong>С081227</strong> Олексіївка - /О081237/ 2,6 км</li>\r\n	<li><strong>С081228</strong> Тернувате-Косівцеве 3 км</li>\r\n	<li><strong>С081229</strong> Зорівка - /О081238/ 2,5 км</li>\r\n	<li><strong>С081230</strong> Підгірне-Петропавлівка 3,8 км</li>\r\n</ol>', NULL, NULL, 3, 1, 12, '2020-01-20 10:25:56', '2020-02-05 09:42:38'),
(24, 'Новомиколаївський район Запорізької області налічує 5 обласних автомобільних доріг загального користування місцевого значення. Їх загальна протяжність складає 109,2 км.', '<ol>\r\n	<li><strong>О081237</strong> Новомиколаївка - Сторчове - Максимівка - Михайло-Лукашеве 20,7 км</li>\r\n	<li><strong>О081238</strong> Терсянка - Тернувате - Верхня Терса - станція Залізничне 29,3 км</li>\r\n	<li><strong>О081239</strong> Синельникове - Петропавлівське - Нововолодимирівка 19,2 км</li>\r\n	<li><strong>О081240</strong> /О081343/ - Листівка - Терсянка 19,6 км</li>\r\n	<li><strong>О081341</strong> Комишуваха - Ясна Поляна - Барвінівка - Різдвянка 20,4 км</li>\r\n</ol>', NULL, NULL, 3, 2, 12, '2020-01-20 10:26:02', '2020-02-05 09:41:03'),
(25, 'У Оріхівському районі є 17 районних автомобільних доріг загального користування місцевого значення Запорізької області. Їх загальна протяжність складає 93,1 км.', '<ol>\r\n	<li><strong>С081301</strong> Нестерянка-Копані 9,3 км</li>\r\n	<li><strong>С081302</strong> Долинка-Мирне 2,2 км</li>\r\n	<li><strong>С081303</strong> Новотавричеське - Калинівка - /О081341/ 15,4 км</li>\r\n	<li><strong>С081304</strong> Під&rsquo;їзд до с. Преображенка 6 км</li>\r\n	<li><strong>С081305</strong> Вільне-Оленівка 7,3 км</li>\r\n	<li><strong>С081306</strong> /О081342/ - Новояківлівка 1,5 км</li>\r\n	<li><strong>С081307</strong> /Н-08/ - Зарічне - Юрківка 6,7 км</li>\r\n	<li><strong>С081308</strong> /Н-08/ - Любимівка 0,7 км</li>\r\n	<li><strong>С081309</strong> /Т-04-08/ - Тимошівка 2,8 км</li>\r\n	<li><strong>С081310</strong> Василівське-Вільнянка 4,1 км</li>\r\n	<li><strong>С081311</strong> /Т-04-08/ - Червона Криниця 6,2 км</li>\r\n	<li><strong>С081312</strong> /О081342/ - Запасне 3,5 км</li>\r\n	<li><strong>С081313</strong> /Н-08/ - Комплексне 2,7 км</li>\r\n	<li><strong>С081314</strong> Новопавлівка-Новоандріївка 7,4 км</li>\r\n	<li><strong>С081315</strong> Дудникове-Новоіванівка 12,6 км</li>\r\n	<li><strong>С081316</strong> /С081307/ - Жовтеньке 2 км</li>\r\n	<li><strong>С081317</strong> /С081315/ - Дружне 2,7 км</li>\r\n</ol>', NULL, NULL, 3, 1, 13, '2020-01-20 10:26:16', '2020-02-05 09:40:15'),
(26, 'Оріхівський район Запорізької області налічує 11 обласних автомобільних доріг загального користування місцевого значення. Їх загальна протяжність складає 220,8 км.', '<ol>\r\n	<li><strong>О080512</strong> Вільнянськ -Бекарівка -Новотаврійське - /Н-08/ 11,2 км</li>\r\n	<li><strong>О080721</strong> Лежине - Новостепнянське &ndash; Кирпотине 1 км</li>\r\n	<li><strong>ОО81341</strong> Комишуваха - Ясна Поляна - Барвінівка - Різдвянка 26,8 км</li>\r\n	<li><strong>О081342</strong> Комишуваха-Магдалинівка-Юрківка-Таврійське-Омельник 51,6 км</li>\r\n	<li><strong>О081343</strong> Трудооленівка - Ясна Поляна - Одарівка 27,4 км</li>\r\n	<li><strong>О081344</strong> Свобода - Широке - Верхня Терса - Криничне 5,6 км</li>\r\n	<li><strong>О081345</strong> Новотроїцьке - Вільнянка - Микільське 18,7 км</li>\r\n	<li><strong>О081346</strong> Оріхів - Новопавлівка - Юрківка 10,4 км</li>\r\n	<li><strong>О081347</strong> /Н-08/ - Новопокровка &ndash; Білогір&rsquo;я - Лугівське 8,3 км</li>\r\n	<li><strong>О081348</strong> /Н-08/ - Новоандріївка - /Т-04-08/ 39,9 км</li>\r\n	<li><strong>О081349</strong> Оріхів - Мирне &ndash; Молочанськ 19,9 км</li>\r\n</ol>', NULL, NULL, 3, 2, 13, '2020-01-20 10:26:39', '2020-02-05 09:39:15'),
(27, 'У Пологівському районі є 21 районна автомобільна дорога загального користування місцевого значення Запорізької області. Їх загальна протяжність складає 118,5 км.', '<ol>\r\n	<li><strong>С081401</strong> Григорівка-Тарасівка-Новофедорівка 23,2 км</li>\r\n	<li><strong>С081402</strong> Семенівка - станція Кирилівка 4 км</li>\r\n	<li><strong>С081403</strong> /Т-04-01/ - Костянтинівка - Межиріч 14,3 км</li>\r\n	<li><strong>С081404</strong> /О080615/ - Шевченка 1,6 км</li>\r\n	<li><strong>С081405&nbsp;</strong>/О081491/ - Воскресенка 1,6 км</li>\r\n	<li><strong>С081406</strong> Магедове-Лозове 3,9 км</li>\r\n	<li><strong>С081407</strong> Червоне-Івана Франка 5 км</li>\r\n	<li><strong>С081408</strong> Костянтинівка-Чумацьке 4 км</li>\r\n	<li><strong>С081409</strong> /О080617/ - Золота Поляна 1,6 км</li>\r\n	<li><strong>С081410</strong> Нова Дача-Семенівка 10,2 км</li>\r\n	<li><strong>С081411</strong> /Т-04-01/ - Військове 1,6 км</li>\r\n	<li><strong>С081412</strong> /О080617/ &ndash; Бурлацьке 5 км</li>\r\n	<li><strong>С081413</strong> /Н-08/ - Ожерельне 13,6 км</li>\r\n	<li><strong>С081414</strong> /О081452/ - Любокут 2 км</li>\r\n	<li><strong>С081415</strong> /Н-08/ - під&rsquo;їзд до комбіната хлібопродуктів 1 км</li>\r\n	<li><strong>С081416</strong> /О080615/ - Могутнє 1 км</li>\r\n	<li><strong>С081417</strong>&nbsp;/Н-08/ - Новофедорівка 2 км</li>\r\n	<li><strong>С081418</strong>&nbsp;/Н-08/ - Семенівка 12,7 км</li>\r\n	<li><strong>С081419</strong>&nbsp;/Т-04-01/ - Андріївське 5,7 км</li>\r\n	<li><strong>С081420</strong> Воскресенка-Балочки 1 км</li>\r\n	<li><strong>С081421</strong>&nbsp;Чкалове-Красноселівка 3,5 км</li>\r\n</ol>', NULL, NULL, 3, 1, 14, '2020-01-20 10:26:45', '2020-02-05 09:38:00'),
(28, 'Пологівський район Запорізької області налічує 8 обласних автомобільних доріг загального користування місцевого значення. Їх загальна протяжність складає 161,1 км.', '<ol>\r\n	<li><strong>О080615</strong> Гуляйполе - Марфопіль - Новоселівка - Тернове 22,2 км</li>\r\n	<li><strong>О080617</strong> Приютне - Новозлатопіль - Красноселівка -Федорівка - Кінські Роздори 29,3 км</li>\r\n	<li><strong>О081450</strong> Станція Новокарлівка - Вербове - /Т-04-01/ 20,9 км</li>\r\n	<li><strong>О081451</strong> /Т-08-15/ - Багате - Івана Франка - /Т-04-01/ 22 км</li>\r\n	<li><strong>О081452</strong> Балочки &ndash; Надійне 7,1 км</li>\r\n	<li><strong>О081873</strong> Роботине - Успенівка &ndash; Вербове 2,6 км</li>\r\n	<li><strong>О081491</strong> Пологи-Кінські Роздори-Андріївка-Нововасилівка-Бердянськ 34,5 км</li>\r\n	<li><strong>О081983</strong> Чернігівка &ndash; Новополтавка &ndash; Семенівка &ndash; Басань 22,5</li>\r\n</ol>', NULL, NULL, 3, 2, 14, '2020-01-20 10:26:51', '2020-02-05 09:36:26'),
(29, 'У Приазовському районі є 18 районних автомобільних доріг загального користування місцевого значення Запорізької області. Їх загальна протяжність складає 91,8 км.', '<ol>\r\n	<li><strong>С081501</strong> Новоолександрівка-Воскресенка-Ганнівка 22,7 км</li>\r\n	<li><strong>С081502</strong> /М-14/ - Вишневе 3,2 км</li>\r\n	<li><strong>С081503</strong> Степанівка Перша - Молочний лиман 3,5 км</li>\r\n	<li><strong>С081504</strong> Строганівка &ndash; хлібоприймальний пункт 3,7 км</li>\r\n	<li><strong>С081505</strong>&nbsp; /О081030/ - Надеждине 5,6 км</li>\r\n	<li><strong>С081506</strong> Оріхівка - Ганно-Опанлинка 7,5 км</li>\r\n	<li><strong>С081507</strong> Надеждине-Волна 7,4 км</li>\r\n	<li><strong>С081508</strong> Новопокровка-Добрівка 3,8 км</li>\r\n	<li><strong>С081509</strong> /О081557/ - Білорічанське 5,6 км</li>\r\n	<li><strong>С081510</strong> /О081556/ - Ігорівка 2,7 км</li>\r\n	<li><strong>С081511</strong> /О081030/ - Вікторівка 3 км</li>\r\n	<li><strong>С081512</strong> /О081555/ - Нечкине 2,9 км</li>\r\n	<li><strong>С081513</strong> /О081553/ - Калинівка 7,2 км</li>\r\n	<li><strong>С081514</strong> /С081501/ - Новомиколаївка 1,9 км</li>\r\n	<li><strong>С081515</strong> /О081027/ &ndash; Південне 1,5 км</li>\r\n	<li><strong>С081516</strong> /О081032/ - Бабанівка 1,6 км</li>\r\n	<li><strong>С081517</strong> /О081557/ - Новотроїцьке 2 км</li>\r\n	<li><strong>С081518</strong> Оріхівка - /О081560/ 6 км</li>\r\n</ol>', NULL, NULL, 3, 1, 15, '2020-01-20 10:26:57', '2020-02-05 09:35:27'),
(30, 'Приазовський район Запорізької області налічує 14 обласних автомобільних доріг загального користування місцевого значення. Їх загальна протяжність складає 283,5 км.', '<ol>\r\n	<li><strong>О081027</strong> Вознесенка &ndash; Нововасилівка 9,7 км</li>\r\n	<li><strong>О081030</strong> Арабка - Астраханка - Мордвинівка - Гірсовка - Степанівка &ndash; Перша 28,9 км</li>\r\n	<li><strong>О081032</strong> Світлодолинське -Астраханка -Нововасилівка -Ботієве 26 км</li>\r\n	<li><strong>О081553</strong> Астраханка - Розівка - /О081560/ 17 км</li>\r\n	<li><strong>О081554</strong> Приазовське - Надеждине - Гірсовка 19,8 км</li>\r\n	<li><strong>О081555</strong> Приазовське - Дівнинське - Олександрівка 25км</li>\r\n	<li><strong>О081556</strong> Дівнинське -Новокостянтинівка -Чкалове -Степанівка &ndash; Перша 28,9 км</li>\r\n	<li><strong>О081557</strong> Приазовське - Шевченка - Новокостянтинівка 19,9 км</li>\r\n	<li><strong>О081558</strong> Під&rsquo;їзд до с. Приморський Посад 4,4 км</li>\r\n	<li><strong>О081559</strong> Ботієве - Новокостянтинівка 13,9 км</li>\r\n	<li><strong>О081560</strong> Приазовське - Новоспаське - Могутнє 51,2 км</li>\r\n	<li><strong>О081661</strong> Новоспаське - Петрівка - Ганнівка &ndash; Богданівка - /М-14/ 30,6 км</li>\r\n	<li><strong>О081664</strong> Болгарка - Новоолексіївка - Орлівка - Ботієве 5,6 км</li>\r\n	<li><strong>О081979</strong> Просторе- Ільїне - Маківка 2,6 км</li>\r\n</ol>', NULL, NULL, 3, 2, 15, '2020-01-20 10:27:10', '2020-02-05 09:34:21'),
(31, 'У Приморському районі є 14 районних автомобільних доріг загального користування місцевого значення Запорізької області. Їх загальна протяжність складає 72,4 км.', '<ol>\r\n	<li><strong>С081601</strong> Приморськ - /М-14/ 9,6 км</li>\r\n	<li><strong>С081602</strong> /О081662/ - станція Єлизаветівка 1,5 км</li>\r\n	<li><strong>С081603</strong> /М-14/ - Інзовка 2,9 км</li>\r\n	<li><strong>С081604</strong> /М-14/ - Азов - Лозанівка 8,5 км</li>\r\n	<li><strong>С081605</strong> /О081663/ - Новопавлівка 6,6 км</li>\r\n	<li><strong>С081606</strong> Гюнівка - станція Єлизаветівка 13,7 км</li>\r\n	<li><strong>С081607</strong> /М-14/ - Приморськ 2,8 км</li>\r\n	<li><strong>С081608</strong> Під&rsquo;їзд до с. Новоолексіївка 0,5 км</li>\r\n	<li><strong>С081609</strong> Петрівка &ndash; Мануйлівка 4,5 км</li>\r\n	<li><strong>С081610</strong> /О081668/ - Подспор&rsquo;є 2 км</li>\r\n	<li><strong>С081611</strong>&nbsp; Нельгівка - Зеленівка 9,6 км</li>\r\n	<li><strong>С081612</strong> /Н-30/ - Підгірне 2,4 км</li>\r\n	<li><strong>С081613</strong> /Н-30/ - Юр&rsquo;ївка 1,8 км</li>\r\n	<li><strong>С081614</strong> /М-14/ - Лозуватка 6 км</li>\r\n</ol>', NULL, NULL, 3, 1, 16, '2020-01-20 10:27:20', '2020-02-05 09:33:15'),
(32, 'Приморський район Запорізької області налічує 9 обласних автомобільних доріг загального користування місцевого значення. Їх загальна протяжність складає 147,9 км.', '<ol>\r\n	<li><strong>О081661</strong> Новоспаське - Петрівка - Ганнівка - Богданівка - /М-14/ 3,2 км</li>\r\n	<li><strong>О081662</strong> Приморськ - Борисівка - Єлизаветівка - Андріївка - Берестове 31 км</li>\r\n	<li><strong>О081663</strong> Борисівка - Дмитрівка - Софіївка 10 км</li>\r\n	<li><strong>О081664</strong> Болгарка - Новоолексіївка - Орлівка - Ботієве 39,3 км</li>\r\n	<li><strong>О081665</strong> Приморськ - Преслав - /М-14/ 16,3 км</li>\r\n	<li><strong>О081667</strong> Орлівка &ndash; Лазурне 9,3 км</li>\r\n	<li><strong>О081668</strong> Приморськ &ndash; Набережне 16,1 км</li>\r\n	<li><strong>О081984</strong> Тарасівка - Нельгівка - Радолівка 19,5 км</li>\r\n	<li><strong>О081980</strong> Станція Верхній Токмак ІІ - Могиляни - станція Нельгівка 3,2 км</li>\r\n</ol>', NULL, NULL, 3, 2, 16, '2020-01-20 10:27:27', '2020-02-05 09:32:17'),
(33, 'У Розівському районі є 10 районних автомобільних доріг загального користування місцевого значення Запорізької області. Їх загальна протяжність складає 71 км.', '<ol>\r\n	<li><strong>С081701</strong> Новгород - /Н-08/ 15,7 км</li>\r\n	<li><strong>С081702</strong> Вільне &ndash; Листвянка - /О080925/ 17,7 км</li>\r\n	<li><strong>С081703</strong> /Н-08/ - Кузнецівка 8,1 км</li>\r\n	<li><strong>С081704</strong> /О080925/ - Першотравневе 2,8 км</li>\r\n	<li><strong>С081705</strong> Антонівка-Азов 12,2 км</li>\r\n	<li><strong>С081706</strong> Новодворівка-Новомлинівка 3 км</li>\r\n	<li><strong>С081707</strong> /О080925/ - Мирне 0,4 км</li>\r\n	<li><strong>С081708</strong> Зеленопіль-Новгород 7,9 км</li>\r\n	<li><strong>С081709</strong> /О080926/ - Кобильне 1 км</li>\r\n	<li><strong>С081710</strong> /С081702/ - Біловеж 2,2 км</li>\r\n</ol>', NULL, NULL, 3, 1, 17, '2020-01-20 10:27:37', '2020-02-05 09:31:15'),
(34, 'Розівський район Запорізької області налічує 3 обласні автомобільні дороги загального користування місцевого значення. Їх загальна протяжність складає 66,4 км.', '<ol>\r\n	<li><strong>О080925</strong> Комиш-Зоря - Кузнецівка &ndash; Зачатівка 23,6 км</li>\r\n	<li><strong>О080926</strong> Самойлівка - Запорізьке - Новозлатопіль - /Н-08/ 28,8 км</li>\r\n	<li><strong>О081452</strong> Балочки &ndash; Надійне 14 км</li>\r\n</ol>', NULL, NULL, 3, 2, 17, '2020-01-20 10:27:46', '2020-02-05 09:30:20'),
(35, 'У Токмацькому районі є 15 районних автомобільних доріг загального користування місцевого значення Запорізької області. Їх загальна протяжність складає 113,5 км.', '<ol>\r\n	<li><strong>С081801</strong> Чистопілля-Пшеничне 18 км</li>\r\n	<li><strong>С081802</strong>&nbsp; /Т-04-08/ - Новопрокопівка 2,8 км</li>\r\n	<li><strong>С081803</strong> Рівне-Покровське-Кутузовка 27,6 км</li>\r\n	<li><strong>С081804</strong> /Н-30/ - Молочанський хлібоприймальний пункт 4,1 км</li>\r\n	<li><strong>С081805</strong> /Т-08-13/ - Урожайне 1,5 км</li>\r\n	<li><strong>С081806</strong> Трудове-Водяне 2,2 км</li>\r\n	<li><strong>С081807</strong> /С081801/ - Мирне 2,4 км</li>\r\n	<li><strong>С081808</strong> /Н-30/ - Садове &ndash; Червоногірка - /Т-04-08/ 10,4 км</li>\r\n	<li><strong>С081809</strong> /О081349/ - Степове 1,5 км</li>\r\n	<li><strong>С081810</strong> Новогорівка-Чорноземне-Переможне 11,1 км</li>\r\n	<li><strong>С081811</strong> /Н-30/ - Вишневе - Новолюбимівка 12,6 км</li>\r\n	<li><strong>С081812</strong> Лагідне-Зоряне 2,4 км</li>\r\n	<li><strong>С081813</strong> /О081336/ - /О081869/ 4,9 км</li>\r\n	<li><strong>С081814</strong> Козолугівка - Гришине 4,5 км</li>\r\n	<li><strong>С081815</strong> Козолугівка - Грушівка 7,5 км</li>\r\n</ol>', NULL, NULL, 3, 1, 18, '2020-01-20 10:27:53', '2020-02-05 09:27:34'),
(36, 'Токмацький район Запорізької області налічує 11 обласних автомобільних доріг загального користування місцевого значення. Їх загальна протяжність складає 155,4 км.', '<ol>\r\n	<li><strong>О081031</strong> Орлове - Світле - Владівка &ndash; Степове 19,3 км</li>\r\n	<li><strong>О081134</strong> /М-18/ - Роздол &ndash; Кохане 0,8 км</li>\r\n	<li><strong>О081136</strong> Високе - Молочанськ &ndash; Новомиколаївка 19,4 км</li>\r\n	<li><strong>О081349</strong> Оріхів &ndash; Мирне &ndash; Молочанськ 34,1 км</li>\r\n	<li><strong>О081560</strong> Приазовське - Новоспаське - Могутнє 13,6 км</li>\r\n	<li><strong>О081869</strong> Токмак - Лагідне-Зарічне 29,2 км</li>\r\n	<li><strong>О081870</strong> Молочанськ - Старобогданівка -Троїцьке -Терпіння &ndash; Трудове 9,3 км</li>\r\n	<li><strong>О081871</strong> /Т-04-08/ - Пшеничне - Скелювате - Трудове - /Т-08-13/ 14,8 км</li>\r\n	<li><strong>О081872</strong> Токмак &ndash; Іванівка &ndash; Остриківка 6,1км</li>\r\n	<li><strong>О081873</strong> Роботине &ndash; Успенівка &ndash; Вербове 7,3 км</li>\r\n	<li><strong>О081874</strong> Очеретувате - Новомихайлівка - Новоказанкувате - Новополтавка &ndash; Зоря 1,5 км</li>\r\n</ol>', NULL, NULL, 3, 2, 18, '2020-01-20 10:28:24', '2020-02-05 09:26:21');
INSERT INTO `roads` (`id`, `title`, `body`, `meta_description`, `meta_keywords`, `id_user`, `id_type`, `id_region`, `created_at`, `updated_at`) VALUES
(37, 'У Чернігівському районі є 15 районних автомобільних доріг загального користування місцевого значення Запорізької області. Їх загальна протяжність складає 80 км.', '<ol>\r\n	<li><strong>С081901</strong> Станція Стульневе-Владівка-Богданівка 14,4 км</li>\r\n	<li><strong>С081902</strong> Благодатне-Широкий Яр 5,3 км</li>\r\n	<li><strong>С081903</strong> /О081977/ - Верхній Токмак 2,5 км</li>\r\n	<li><strong>С081904</strong> /Т-08-13/ - станція Низяни 1,3 км</li>\r\n	<li><strong>С081905</strong>&nbsp; Новомихайлівка - /Т-08-13/ 15,2 км</li>\r\n	<li><strong>С081906</strong> Кам&rsquo;янка - /С081905/ 5,3 км</li>\r\n	<li><strong>С081907</strong> Чернігівка - /О081980/ 5,5 км</li>\r\n	<li><strong>С081908</strong> /О081975/ - Салтичія 3,8 км</li>\r\n	<li><strong>С081909</strong> /О081976/ - /О081980/ 7,6 км</li>\r\n	<li><strong>С081910</strong> Стульневе - /Т-08-13/ 1,5 км</li>\r\n	<li><strong>С081911</strong> Бойове-Замістя-Олександрівка 8 км</li>\r\n	<li><strong>С081912</strong> /С081905/ - Стульневе 4 км</li>\r\n	<li><strong>С081913</strong> Мокрий Став - /С081901/ 1,9 км</li>\r\n	<li><strong>С081914</strong>&nbsp; Тарасівка - /О081979/ 1,3 км</li>\r\n	<li><strong>С081915</strong> Зелений Яр - /Н-30/ 2,4 км</li>\r\n</ol>', NULL, NULL, 3, 1, 19, '2020-01-20 10:28:29', '2020-02-04 14:41:07'),
(38, 'Чернігівський район Запорізької області налічує 12 обласних автомобільних доріг загального користування місцевого значення. Їх загальна протяжність складає 185,9 км.', '<ol>\r\n	<li><strong>О081031</strong> Орлове - Світле - Владівка &ndash; Степове 17,5 км</li>\r\n	<li><strong>О081874</strong> Очеретувате - Новомихайлівка - Новоказанкувате - Новополтавка &ndash; Зоря 34,2 км</li>\r\n	<li><strong>О081975</strong> /О081977/ - Обіточне - Андріївка 14,7 км</li>\r\n	<li><strong>О081976</strong> Чернігівка - Богданівка - /Н-30/ 19,8 км</li>\r\n	<li><strong>О081977</strong> Станція Верхній Токмак І - Вершина Друга 14,5 км</li>\r\n	<li><strong>О081978</strong> Чернігівка &ndash; Новоказанкувате 8,5 км</li>\r\n	<li><strong>О081979</strong> Просторе &ndash; Ільїне &ndash; Маківка 25,3 км</li>\r\n	<li><strong>О081980</strong> Станція Верхній Токмак ІІ - Могиляни &ndash; станція Нельгівка 18 км</li>\r\n	<li><strong>О081981</strong> /О081976/ &ndash; Просторе &ndash; Квіткове 12,2 км</li>\r\n	<li><strong>О081982</strong> Чернігівка - станція Верхній Токмак І 6,7 км</li>\r\n	<li><strong>О081983</strong> Чернігівка &ndash; Новополтавка &ndash; Семенівка &ndash; Басань 10,9 км</li>\r\n	<li><strong>О081984</strong> Тарасівка &ndash; Нельгівка &ndash; Радолівка 3,6 км</li>\r\n</ol>', NULL, NULL, 3, 2, 19, '2020-01-20 10:28:36', '2020-02-04 14:38:33'),
(39, 'У Якимівському районі є 19 районних автомобільних доріг загального користування місцевого значення Запорізької області. Їх загальна протяжність складає 153,1 км.', '<ol>\r\n	<li><strong>С082001</strong> Черноземне-Таврійське 28,6 км</li>\r\n	<li><strong>С082002</strong> Якимівка-Богатир 11,8 км</li>\r\n	<li><strong>С082003</strong> Якимівка-Володимирівка-Олександрівка 6,2 км</li>\r\n	<li><strong>С082004</strong> Володимирівка - Юр&rsquo;ївка - /Т-08-20/ 8,2 км</li>\r\n	<li><strong>С082005</strong> Степок-Азовське 10,7 км</li>\r\n	<li><strong>С082006</strong> /М-18/ - Семихатки 2,6 км</li>\r\n	<li><strong>С082007</strong> /М-18/ - Червоне 2 км</li>\r\n	<li><strong>С082008</strong> /М-18/ - Розівка - Зірка 11,4 км</li>\r\n	<li><strong>С082009</strong> Весняне-Ганнівка 16,9 км</li>\r\n	<li><strong>С082010</strong> /С082001/ - Трудове 5,3 км</li>\r\n	<li><strong>С082011</strong> /О082086/ - Зернове 1,7 км</li>\r\n	<li><strong>С082012</strong> /М-18/ - Тимофіївка 8,6 км</li>\r\n	<li><strong>С082013</strong> Кирилівка - Степанівка Перша 5,2 км</li>\r\n	<li><strong>С082014</strong>&nbsp; Давидівка - Охримівка 11,3 км</li>\r\n	<li><strong>С082015</strong> /О082087/ - Андріївка 3,1 км</li>\r\n	<li><strong>С082016</strong> Вовче - Солоне 6 км</li>\r\n	<li><strong>С082017</strong> /О082087/ - Нове 4 км</li>\r\n	<li><strong>С082018</strong> Розівка - Дружба 5,5 км</li>\r\n	<li><strong>С082019</strong> /С080201/ - Якимівське 4 км</li>\r\n</ol>', NULL, NULL, 3, 1, 20, '2020-01-20 10:28:43', '2020-02-05 09:28:47'),
(40, 'Якимівський район Запорізької області налічує 5 обласних автомобільних доріг загального користування місцевого значення. Їх загальна протяжність складає 109,3 км.', '<ol>\r\n	<li><strong>О080409</strong> Веселе - Озерне - Новоданилівка 31 км</li>\r\n	<li><strong>О081029</strong> /М-18/ - Данило-Іванівка &ndash; Радивонівка 10,1 км</li>\r\n	<li><strong>О082085</strong> Якимівка - /М-18/ 3,7 км</li>\r\n	<li><strong>О082086</strong> Якимівка - Новоданилівка - Таврійське - Петрівка 35,5 км</li>\r\n	<li><strong>О082087</strong> /М-18/ - Давидівка - Атманай 29 км</li>\r\n</ol>', NULL, NULL, 3, 2, 20, '2020-01-20 10:28:48', '2020-02-05 09:28:24');

-- --------------------------------------------------------

--
-- Структура таблицы `roles`
--

CREATE TABLE `roles` (
  `id` bigint(20) UNSIGNED NOT NULL,
  `name` varchar(191) COLLATE utf8mb4_unicode_ci NOT NULL,
  `display_name` varchar(191) COLLATE utf8mb4_unicode_ci NOT NULL,
  `created_at` timestamp NULL DEFAULT NULL,
  `updated_at` timestamp NULL DEFAULT NULL
) ENGINE=InnoDB DEFAULT CHARSET=utf8mb4 COLLATE=utf8mb4_unicode_ci;

--
-- Дамп данных таблицы `roles`
--

INSERT INTO `roles` (`id`, `name`, `display_name`, `created_at`, `updated_at`) VALUES
(1, 'admin', 'Administrator', '2019-12-19 12:20:51', '2019-12-19 12:20:51'),
(2, 'user', 'Normal User', '2019-12-19 12:20:51', '2019-12-19 12:20:51'),
(3, 'mapper', 'mapper', NULL, NULL),
(4, 'jurnalist', 'jurnalist', NULL, NULL);

-- --------------------------------------------------------

--
-- Структура таблицы `settings`
--

CREATE TABLE `settings` (
  `id` int(10) UNSIGNED NOT NULL,
  `key` varchar(191) COLLATE utf8mb4_unicode_ci NOT NULL,
  `display_name` varchar(191) COLLATE utf8mb4_unicode_ci NOT NULL,
  `value` text COLLATE utf8mb4_unicode_ci,
  `details` text COLLATE utf8mb4_unicode_ci,
  `type` varchar(191) COLLATE utf8mb4_unicode_ci NOT NULL,
  `order` int(11) NOT NULL DEFAULT '1',
  `group` varchar(191) COLLATE utf8mb4_unicode_ci DEFAULT NULL
) ENGINE=InnoDB DEFAULT CHARSET=utf8mb4 COLLATE=utf8mb4_unicode_ci;

--
-- Дамп данных таблицы `settings`
--

INSERT INTO `settings` (`id`, `key`, `display_name`, `value`, `details`, `type`, `order`, `group`) VALUES
(1, 'site.title', 'Site Title', 'WebRoad', '', 'text', 1, 'Site'),
(2, 'site.description', 'Site Description', 'Site Description', '', 'text', 2, 'Site'),
(3, 'site.logo', 'Site Logo', '', '', 'image', 3, 'Site'),
(4, 'site.google_analytics_tracking_id', 'Google Analytics Tracking ID', 'UA-88066162-2', '', 'text', 4, 'Site'),
(5, 'admin.bg_image', 'Admin Background Image', '', '', 'image', 5, 'Admin'),
(6, 'admin.title', 'Admin Title', 'Блок администратора', '', 'text', 1, 'Admin'),
(7, 'admin.description', 'Admin Description', NULL, '', 'text', 2, 'Admin'),
(8, 'admin.loader', 'Admin Loader', '', '', 'image', 3, 'Admin'),
(10, 'admin.google_analytics_client_id', 'Google Analytics Client ID (used for admin dashboard)', 'UA-88066162-2', '', 'text', 1, 'Admin');

-- --------------------------------------------------------

--
-- Структура таблицы `stan_dorig`
--

CREATE TABLE `stan_dorig` (
  `id` bigint(20) UNSIGNED NOT NULL,
  `title` varchar(191) COLLATE utf8mb4_unicode_ci NOT NULL,
  `url` longtext COLLATE utf8mb4_unicode_ci,
  `body` longtext COLLATE utf8mb4_unicode_ci,
  `img_avatar` longtext COLLATE utf8mb4_unicode_ci,
  `date_advice` date DEFAULT NULL,
  `date_advice_end` date DEFAULT NULL,
  `status` tinyint(1) DEFAULT NULL,
  `id_user` bigint(20) UNSIGNED NOT NULL,
  `created_at` timestamp NULL DEFAULT NULL,
  `updated_at` timestamp NULL DEFAULT NULL
) ENGINE=InnoDB DEFAULT CHARSET=utf8mb4 COLLATE=utf8mb4_unicode_ci;

--
-- Дамп данных таблицы `stan_dorig`
--

INSERT INTO `stan_dorig` (`id`, `title`, `url`, `body`, `img_avatar`, `date_advice`, `date_advice_end`, `status`, `id_user`, `created_at`, `updated_at`) VALUES
(2, 'ДОВІДКА ПРО ПОГОДНІ УМОВИ ТА СТАН ПРОЇЗДУ НА А/Д ДЕРЖАВНОГО ЗНАЧЕННЯ В УКРАЇНІ СТАНОМ НА 06-00 ГОД. 05.02.2020Р.', 'https://ukravtodor.gov.ua/press/news/dovidka_pro_pohodni_umovy_ta_stan_proizdu_na_a_d_derzhavnoho_znachennia_v_ukraini_stanom_na_06-00_hod_05_02_2020r.html', NULL, '2020-02-05 13.24.31.jpg_1580901936.jpg', NULL, NULL, 1, 3, '2020-01-17 15:07:08', '2020-02-05 11:25:36');

-- --------------------------------------------------------

--
-- Структура таблицы `translations`
--

CREATE TABLE `translations` (
  `id` int(10) UNSIGNED NOT NULL,
  `table_name` varchar(191) COLLATE utf8mb4_unicode_ci NOT NULL,
  `column_name` varchar(191) COLLATE utf8mb4_unicode_ci NOT NULL,
  `foreign_key` int(10) UNSIGNED NOT NULL,
  `locale` varchar(191) COLLATE utf8mb4_unicode_ci NOT NULL,
  `value` text COLLATE utf8mb4_unicode_ci NOT NULL,
  `created_at` timestamp NULL DEFAULT NULL,
  `updated_at` timestamp NULL DEFAULT NULL
) ENGINE=InnoDB DEFAULT CHARSET=utf8mb4 COLLATE=utf8mb4_unicode_ci;

--
-- Дамп данных таблицы `translations`
--

INSERT INTO `translations` (`id`, `table_name`, `column_name`, `foreign_key`, `locale`, `value`, `created_at`, `updated_at`) VALUES
(1, 'data_types', 'display_name_singular', 5, 'pt', 'Post', '2019-12-19 12:20:52', '2019-12-19 12:20:52'),
(2, 'data_types', 'display_name_singular', 6, 'pt', 'Página', '2019-12-19 12:20:52', '2019-12-19 12:20:52'),
(3, 'data_types', 'display_name_singular', 1, 'pt', 'Utilizador', '2019-12-19 12:20:52', '2019-12-19 12:20:52'),
(4, 'data_types', 'display_name_singular', 4, 'pt', 'Categoria', '2019-12-19 12:20:52', '2019-12-19 12:20:52'),
(5, 'data_types', 'display_name_singular', 2, 'pt', 'Menu', '2019-12-19 12:20:52', '2019-12-19 12:20:52'),
(6, 'data_types', 'display_name_singular', 3, 'pt', 'Função', '2019-12-19 12:20:52', '2019-12-19 12:20:52'),
(7, 'data_types', 'display_name_plural', 5, 'pt', 'Posts', '2019-12-19 12:20:52', '2019-12-19 12:20:52'),
(8, 'data_types', 'display_name_plural', 6, 'pt', 'Páginas', '2019-12-19 12:20:52', '2019-12-19 12:20:52'),
(9, 'data_types', 'display_name_plural', 1, 'pt', 'Utilizadores', '2019-12-19 12:20:52', '2019-12-19 12:20:52'),
(10, 'data_types', 'display_name_plural', 4, 'pt', 'Categorias', '2019-12-19 12:20:52', '2019-12-19 12:20:52'),
(11, 'data_types', 'display_name_plural', 2, 'pt', 'Menus', '2019-12-19 12:20:52', '2019-12-19 12:20:52'),
(12, 'data_types', 'display_name_plural', 3, 'pt', 'Funções', '2019-12-19 12:20:52', '2019-12-19 12:20:52'),
(13, 'categories', 'slug', 1, 'pt', 'categoria-1', '2019-12-19 12:20:52', '2019-12-19 12:20:52'),
(14, 'categories', 'name', 1, 'pt', 'Categoria 1', '2019-12-19 12:20:52', '2019-12-19 12:20:52'),
(15, 'categories', 'slug', 2, 'pt', 'categoria-2', '2019-12-19 12:20:52', '2019-12-19 12:20:52'),
(16, 'categories', 'name', 2, 'pt', 'Categoria 2', '2019-12-19 12:20:52', '2019-12-19 12:20:52'),
(17, 'pages', 'title', 1, 'pt', 'Olá Mundo', '2019-12-19 12:20:52', '2019-12-19 12:20:52'),
(18, 'pages', 'slug', 1, 'pt', 'ola-mundo', '2019-12-19 12:20:52', '2019-12-19 12:20:52'),
(19, 'pages', 'body', 1, 'pt', '<p>Olá Mundo. Scallywag grog swab Cat o\'nine tails scuttle rigging hardtack cable nipper Yellow Jack. Handsomely spirits knave lad killick landlubber or just lubber deadlights chantey pinnace crack Jennys tea cup. Provost long clothes black spot Yellow Jack bilged on her anchor league lateen sail case shot lee tackle.</p>\r\n<p>Ballast spirits fluke topmast me quarterdeck schooner landlubber or just lubber gabion belaying pin. Pinnace stern galleon starboard warp carouser to go on account dance the hempen jig jolly boat measured fer yer chains. Man-of-war fire in the hole nipperkin handsomely doubloon barkadeer Brethren of the Coast gibbet driver squiffy.</p>', '2019-12-19 12:20:52', '2019-12-19 12:20:52'),
(20, 'menu_items', 'title', 1, 'pt', 'Painel de Controle', '2019-12-19 12:20:52', '2019-12-19 12:20:52'),
(21, 'menu_items', 'title', 2, 'pt', 'Media', '2019-12-19 12:20:52', '2019-12-19 12:20:52'),
(22, 'menu_items', 'title', 12, 'pt', 'Publicações', '2019-12-19 12:20:52', '2019-12-19 12:20:52'),
(23, 'menu_items', 'title', 3, 'pt', 'Utilizadores', '2019-12-19 12:20:52', '2019-12-19 12:20:52'),
(24, 'menu_items', 'title', 11, 'pt', 'Categorias', '2019-12-19 12:20:52', '2019-12-19 12:20:52'),
(25, 'menu_items', 'title', 13, 'pt', 'Páginas', '2019-12-19 12:20:52', '2019-12-19 12:20:52'),
(26, 'menu_items', 'title', 4, 'pt', 'Funções', '2019-12-19 12:20:52', '2019-12-19 12:20:52'),
(27, 'menu_items', 'title', 5, 'pt', 'Ferramentas', '2019-12-19 12:20:52', '2019-12-19 12:20:52'),
(28, 'menu_items', 'title', 6, 'pt', 'Menus', '2019-12-19 12:20:52', '2019-12-19 12:20:52'),
(29, 'menu_items', 'title', 7, 'pt', 'Base de dados', '2019-12-19 12:20:52', '2019-12-19 12:20:52'),
(30, 'menu_items', 'title', 10, 'pt', 'Configurações', '2019-12-19 12:20:52', '2019-12-19 12:20:52');

-- --------------------------------------------------------

--
-- Структура таблицы `type_articles`
--

CREATE TABLE `type_articles` (
  `id` bigint(20) UNSIGNED NOT NULL,
  `name` varchar(191) COLLATE utf8mb4_unicode_ci NOT NULL
) ENGINE=InnoDB DEFAULT CHARSET=utf8mb4 COLLATE=utf8mb4_unicode_ci;

--
-- Дамп данных таблицы `type_articles`
--

INSERT INTO `type_articles` (`id`, `name`) VALUES
(1, 'Новина'),
(2, 'Анонс');

-- --------------------------------------------------------

--
-- Структура таблицы `type_roads`
--

CREATE TABLE `type_roads` (
  `id` bigint(20) UNSIGNED NOT NULL,
  `name` varchar(191) COLLATE utf8mb4_unicode_ci NOT NULL
) ENGINE=InnoDB DEFAULT CHARSET=utf8mb4 COLLATE=utf8mb4_unicode_ci;

--
-- Дамп данных таблицы `type_roads`
--

INSERT INTO `type_roads` (`id`, `name`) VALUES
(1, 'Районна'),
(2, 'Обласна');

-- --------------------------------------------------------

--
-- Структура таблицы `users`
--

CREATE TABLE `users` (
  `id` bigint(20) UNSIGNED NOT NULL,
  `role_id` bigint(20) UNSIGNED DEFAULT NULL,
  `name` varchar(191) COLLATE utf8mb4_unicode_ci NOT NULL,
  `email` varchar(191) COLLATE utf8mb4_unicode_ci NOT NULL,
  `avatar` varchar(191) COLLATE utf8mb4_unicode_ci DEFAULT 'users/default.png',
  `email_verified_at` timestamp NULL DEFAULT NULL,
  `password` varchar(191) COLLATE utf8mb4_unicode_ci NOT NULL,
  `remember_token` varchar(100) COLLATE utf8mb4_unicode_ci DEFAULT NULL,
  `settings` text COLLATE utf8mb4_unicode_ci,
  `created_at` timestamp NULL DEFAULT NULL,
  `updated_at` timestamp NULL DEFAULT NULL
) ENGINE=InnoDB DEFAULT CHARSET=utf8mb4 COLLATE=utf8mb4_unicode_ci;

--
-- Дамп данных таблицы `users`
--

INSERT INTO `users` (`id`, `role_id`, `name`, `email`, `avatar`, `email_verified_at`, `password`, `remember_token`, `settings`, `created_at`, `updated_at`) VALUES
(2, 1, 'admin (Voyager)', 'admin@gmail.com', 'users/default.png', NULL, '$2y$10$U4NXydGYfQg4.QsBSK2gbOEhlAK1pBOTc5LWwiRObgUNETJHdPmdG', '0ZKtJBQKru28cHicJ2hjUR00Q3tW7CoxDV8hTcKQY4EfORHN8kKYz65GdxQB', '{\"locale\":\"en\"}', '2019-12-19 12:21:49', '2020-02-04 12:42:57'),
(3, 4, 'jurnalist', 'jurnalist@gmail.com', 'users/default.png', NULL, '$2y$10$FPmPRJH4l3eu0nLdoEiJBuzp3rSkd0uYqUJQJmUBNt3X36cG2oOae', 'XK8aKD6qgM8if2N59kmkkfG7V85FsANCol9ZFZzjYyalR3lhUVGM62FbpqZa', NULL, '2020-01-11 12:51:12', '2020-01-11 12:51:12'),
(4, 3, 'mapper', 'mapper@gmail.com', 'users/default.png', NULL, '$2y$10$dgJj2FVSDLKrfgPYrcptc.OZoorMS5MYLYpxhvVpf61OBceP6B8Bm', '7zQqPJsg9kn31mTfPfToLrriRK8pzh14ey9XtN4I91WTIRaVXz9FALpUP5w8', '{\"locale\":\"en\"}', '2020-01-11 12:55:16', '2020-02-04 10:59:36');

-- --------------------------------------------------------

--
-- Структура таблицы `user_roles`
--

CREATE TABLE `user_roles` (
  `user_id` bigint(20) UNSIGNED NOT NULL,
  `role_id` bigint(20) UNSIGNED NOT NULL
) ENGINE=InnoDB DEFAULT CHARSET=utf8mb4 COLLATE=utf8mb4_unicode_ci;

-- --------------------------------------------------------

--
-- Структура таблицы `web_pages`
--

CREATE TABLE `web_pages` (
  `id` bigint(20) UNSIGNED NOT NULL,
  `title` varchar(191) COLLATE utf8mb4_unicode_ci NOT NULL,
  `excerpt` longtext COLLATE utf8mb4_unicode_ci,
  `body` longtext COLLATE utf8mb4_unicode_ci,
  `meta_description` varchar(191) COLLATE utf8mb4_unicode_ci DEFAULT NULL,
  `meta_keywords` varchar(191) COLLATE utf8mb4_unicode_ci DEFAULT NULL,
  `status` tinyint(1) NOT NULL,
  `created_at` timestamp NULL DEFAULT NULL,
  `updated_at` timestamp NULL DEFAULT NULL
) ENGINE=InnoDB DEFAULT CHARSET=utf8mb4 COLLATE=utf8mb4_unicode_ci;

--
-- Дамп данных таблицы `web_pages`
--

INSERT INTO `web_pages` (`id`, `title`, `excerpt`, `body`, `meta_description`, `meta_keywords`, `status`, `created_at`, `updated_at`) VALUES
(5, 'Контакти', NULL, '<table border=\"1\" cellpadding=\"0\" cellspacing=\"0\" style=\"width:650px\">\r\n	<tbody>\r\n		<tr>\r\n			<td style=\"vertical-align:top\">\r\n			<p>1</p>\r\n			</td>\r\n			<td style=\"vertical-align:top\">\r\n			<p>Директор</p>\r\n			</td>\r\n			<td style=\"vertical-align:top\">\r\n			<p>1</p>\r\n			</td>\r\n		</tr>\r\n		<tr>\r\n			<td style=\"vertical-align:top\">\r\n			<p>2</p>\r\n			</td>\r\n			<td style=\"vertical-align:top\">\r\n			<p>Заступник директора з будівництва та ремонтів - начальник відділу технічного нагляду</p>\r\n			</td>\r\n			<td style=\"vertical-align:top\">\r\n			<p>1</p>\r\n			</td>\r\n		</tr>\r\n		<tr>\r\n			<td style=\"vertical-align:top\">\r\n			<p>3</p>\r\n			</td>\r\n			<td style=\"vertical-align:top\">\r\n			<p>Заступник директора з експлуатаційного утримання - начальник відділу експлуатаційного утримання та безпеки руху</p>\r\n			</td>\r\n			<td style=\"vertical-align:top\">\r\n			<p>1</p>\r\n			</td>\r\n		</tr>\r\n		<tr>\r\n			<td style=\"vertical-align:top\">\r\n			<p>4</p>\r\n			</td>\r\n			<td style=\"vertical-align:top\">\r\n			<p>Заступник директора з фінансових питань - начальник тендерно-договірного відділу</p>\r\n			</td>\r\n			<td style=\"vertical-align:top\">\r\n			<p>1</p>\r\n			</td>\r\n		</tr>\r\n		<tr>\r\n			<td style=\"vertical-align:top\">\r\n			<p>5</p>\r\n			</td>\r\n			<td style=\"vertical-align:top\">\r\n			<p>Провідний юрисконсульт</p>\r\n			</td>\r\n			<td style=\"vertical-align:top\">\r\n			<p>1</p>\r\n			</td>\r\n		</tr>\r\n		<tr>\r\n			<td colspan=\"3\" style=\"vertical-align:top\">\r\n			<p><strong>Адміністративний відділ</strong></p>\r\n			</td>\r\n		</tr>\r\n		<tr>\r\n			<td style=\"vertical-align:top\">\r\n			<p>6</p>\r\n			</td>\r\n			<td style=\"vertical-align:top\">\r\n			<p>Начальник відділу</p>\r\n			</td>\r\n			<td style=\"vertical-align:top\">\r\n			<p>1</p>\r\n			</td>\r\n		</tr>\r\n		<tr>\r\n			<td style=\"vertical-align:top\">\r\n			<p>7</p>\r\n			</td>\r\n			<td style=\"vertical-align:top\">\r\n			<p>Фахівець із зв&rsquo;язків з громадськістю та пресою&nbsp;</p>\r\n			</td>\r\n			<td style=\"vertical-align:top\">\r\n			<p>1</p>\r\n			</td>\r\n		</tr>\r\n		<tr>\r\n			<td style=\"vertical-align:top\">\r\n			<p>8</p>\r\n			</td>\r\n			<td style=\"vertical-align:top\">\r\n			<p>Старший інспектор з кадрів</p>\r\n			</td>\r\n			<td style=\"vertical-align:top\">\r\n			<p>1</p>\r\n			</td>\r\n		</tr>\r\n		<tr>\r\n			<td colspan=\"2\" style=\"vertical-align:top\">\r\n			<p><strong><em>Усього по відділу</em></strong></p>\r\n			</td>\r\n			<td style=\"vertical-align:top\">\r\n			<p><strong>3</strong></p>\r\n			</td>\r\n		</tr>\r\n		<tr>\r\n			<td colspan=\"3\" style=\"vertical-align:top\">\r\n			<p><strong>Відділ технічного нагляду</strong></p>\r\n			</td>\r\n		</tr>\r\n		<tr>\r\n			<td style=\"vertical-align:top\">\r\n			<p>9</p>\r\n			</td>\r\n			<td style=\"vertical-align:top\">\r\n			<p>Заступник начальника відділу</p>\r\n			</td>\r\n			<td style=\"vertical-align:top\">\r\n			<p>1</p>\r\n			</td>\r\n		</tr>\r\n		<tr>\r\n			<td style=\"vertical-align:top\">\r\n			<p>10</p>\r\n			</td>\r\n			<td style=\"vertical-align:top\">\r\n			<p>Провідний інженер</p>\r\n			</td>\r\n			<td style=\"vertical-align:top\">\r\n			<p>4</p>\r\n			</td>\r\n		</tr>\r\n		<tr>\r\n			<td colspan=\"2\" style=\"vertical-align:top\">\r\n			<p><strong><em>Усього по відділу</em></strong></p>\r\n			</td>\r\n			<td style=\"vertical-align:top\">\r\n			<p><strong>5</strong></p>\r\n			</td>\r\n		</tr>\r\n		<tr>\r\n			<td colspan=\"3\" style=\"vertical-align:top\">\r\n			<p><strong>Відділ ціноутворення</strong></p>\r\n			</td>\r\n		</tr>\r\n		<tr>\r\n			<td style=\"vertical-align:top\">\r\n			<p>11</p>\r\n			</td>\r\n			<td style=\"vertical-align:top\">\r\n			<p>Начальник відділу</p>\r\n			</td>\r\n			<td style=\"vertical-align:top\">\r\n			<p>1</p>\r\n			</td>\r\n		</tr>\r\n		<tr>\r\n			<td style=\"vertical-align:top\">\r\n			<p>12</p>\r\n			</td>\r\n			<td style=\"vertical-align:top\">\r\n			<p>Заступник начальника відділу</p>\r\n			</td>\r\n			<td style=\"vertical-align:top\">\r\n			<p>1</p>\r\n			</td>\r\n		</tr>\r\n		<tr>\r\n			<td style=\"vertical-align:top\">\r\n			<p>13</p>\r\n			</td>\r\n			<td style=\"vertical-align:top\">\r\n			<p>Провідний інженер</p>\r\n			</td>\r\n			<td style=\"vertical-align:top\">\r\n			<p>2</p>\r\n			</td>\r\n		</tr>\r\n		<tr>\r\n			<td colspan=\"2\" style=\"vertical-align:top\">\r\n			<p><strong><em>Усього по відділу</em></strong></p>\r\n			</td>\r\n			<td style=\"vertical-align:top\">\r\n			<p><strong>4</strong></p>\r\n			</td>\r\n		</tr>\r\n		<tr>\r\n			<td colspan=\"3\" style=\"vertical-align:top\">\r\n			<p><strong>Сектор з проектування</strong></p>\r\n			</td>\r\n		</tr>\r\n		<tr>\r\n			<td style=\"vertical-align:top\">\r\n			<p>14</p>\r\n			</td>\r\n			<td style=\"vertical-align:top\">\r\n			<p>Завідувач сектору</p>\r\n			</td>\r\n			<td style=\"vertical-align:top\">\r\n			<p>1</p>\r\n			</td>\r\n		</tr>\r\n		<tr>\r\n			<td style=\"vertical-align:top\">\r\n			<p>15</p>\r\n			</td>\r\n			<td style=\"vertical-align:top\">\r\n			<p>Провідний інженер</p>\r\n			</td>\r\n			<td style=\"vertical-align:top\">\r\n			<p>1</p>\r\n			</td>\r\n		</tr>\r\n		<tr>\r\n			<td colspan=\"2\" style=\"vertical-align:top\">\r\n			<p><strong><em>Усього по сектору</em></strong></p>\r\n			</td>\r\n			<td style=\"vertical-align:top\">\r\n			<p><strong>2</strong></p>\r\n			</td>\r\n		</tr>\r\n		<tr>\r\n			<td colspan=\"3\" style=\"vertical-align:top\">\r\n			<p><strong>Лабораторія</strong></p>\r\n			</td>\r\n		</tr>\r\n		<tr>\r\n			<td style=\"vertical-align:top\">\r\n			<p>16</p>\r\n			</td>\r\n			<td style=\"vertical-align:top\">\r\n			<p>Начальник лабораторії</p>\r\n			</td>\r\n			<td style=\"vertical-align:top\">\r\n			<p>1</p>\r\n			</td>\r\n		</tr>\r\n		<tr>\r\n			<td style=\"vertical-align:top\">\r\n			<p>17</p>\r\n			</td>\r\n			<td style=\"vertical-align:top\">\r\n			<p>Провідний інженер</p>\r\n			</td>\r\n			<td style=\"vertical-align:top\">\r\n			<p>1</p>\r\n			</td>\r\n		</tr>\r\n		<tr>\r\n			<td colspan=\"2\" style=\"vertical-align:top\">\r\n			<p><strong><em>Усього по лабораторії</em></strong></p>\r\n			</td>\r\n			<td style=\"vertical-align:top\">\r\n			<p><strong>2</strong></p>\r\n			</td>\r\n		</tr>\r\n		<tr>\r\n			<td colspan=\"3\" style=\"vertical-align:top\">\r\n			<p><strong>Відділ експлуатаційного утримання та безпеки руху</strong></p>\r\n			</td>\r\n		</tr>\r\n		<tr>\r\n			<td style=\"vertical-align:top\">\r\n			<p>18</p>\r\n			</td>\r\n			<td style=\"vertical-align:top\">\r\n			<p>Заступник начальника відділу</p>\r\n			</td>\r\n			<td style=\"vertical-align:top\">\r\n			<p>1</p>\r\n			</td>\r\n		</tr>\r\n		<tr>\r\n			<td style=\"vertical-align:top\">\r\n			<p>19</p>\r\n			</td>\r\n			<td style=\"vertical-align:top\">\r\n			<p>Провідний інженер</p>\r\n			</td>\r\n			<td style=\"vertical-align:top\">\r\n			<p>2</p>\r\n			</td>\r\n		</tr>\r\n		<tr>\r\n			<td style=\"vertical-align:top\">\r\n			<p>20</p>\r\n			</td>\r\n			<td style=\"vertical-align:top\">\r\n			<p>Водій</p>\r\n			</td>\r\n			<td style=\"vertical-align:top\">\r\n			<p>3</p>\r\n			</td>\r\n		</tr>\r\n		<tr>\r\n			<td colspan=\"2\" style=\"vertical-align:top\">\r\n			<p><strong><em>Усього по відділу</em></strong></p>\r\n			</td>\r\n			<td style=\"vertical-align:top\">\r\n			<p><strong>6</strong></p>\r\n			</td>\r\n		</tr>\r\n		<tr>\r\n			<td colspan=\"3\" style=\"vertical-align:top\">\r\n			<p><strong>Диспетчерська служба</strong></p>\r\n			</td>\r\n		</tr>\r\n		<tr>\r\n			<td style=\"vertical-align:top\">\r\n			<p>21</p>\r\n			</td>\r\n			<td style=\"vertical-align:top\">\r\n			<p>Старший диспетчер</p>\r\n			</td>\r\n			<td style=\"vertical-align:top\">\r\n			<p>1</p>\r\n			</td>\r\n		</tr>\r\n		<tr>\r\n			<td style=\"vertical-align:top\">\r\n			<p>22</p>\r\n			</td>\r\n			<td style=\"vertical-align:top\">\r\n			<p>Диспетчер</p>\r\n			</td>\r\n			<td style=\"vertical-align:top\">\r\n			<p>3</p>\r\n			</td>\r\n		</tr>\r\n		<tr>\r\n			<td colspan=\"2\" style=\"vertical-align:top\">\r\n			<p><strong><em>Усього по відділу</em></strong></p>\r\n			</td>\r\n			<td style=\"vertical-align:top\">\r\n			<p><strong>4</strong></p>\r\n			</td>\r\n		</tr>\r\n		<tr>\r\n			<td colspan=\"3\" style=\"vertical-align:top\">\r\n			<p><strong>Планово-економічний відділ</strong></p>\r\n			</td>\r\n		</tr>\r\n		<tr>\r\n			<td style=\"vertical-align:top\">\r\n			<p>23</p>\r\n			</td>\r\n			<td style=\"vertical-align:top\">\r\n			<p>Начальник відділу</p>\r\n			</td>\r\n			<td style=\"vertical-align:top\">\r\n			<p>1</p>\r\n			</td>\r\n		</tr>\r\n		<tr>\r\n			<td style=\"vertical-align:top\">\r\n			<p>24</p>\r\n			</td>\r\n			<td style=\"vertical-align:top\">\r\n			<p>Провідний економіст</p>\r\n			</td>\r\n			<td style=\"vertical-align:top\">\r\n			<p>1</p>\r\n			</td>\r\n		</tr>\r\n		<tr>\r\n			<td style=\"vertical-align:top\">\r\n			<p>25</p>\r\n			</td>\r\n			<td style=\"vertical-align:top\">\r\n			<p>Адміністратор та аналітик комп&rsquo;ютерних систем</p>\r\n			</td>\r\n			<td style=\"vertical-align:top\">\r\n			<p>1</p>\r\n			</td>\r\n		</tr>\r\n		<tr>\r\n			<td colspan=\"2\" style=\"vertical-align:top\">\r\n			<p><strong><em>Усього по відділу</em></strong></p>\r\n			</td>\r\n			<td style=\"vertical-align:top\">\r\n			<p><strong>3</strong></p>\r\n			</td>\r\n		</tr>\r\n		<tr>\r\n			<td colspan=\"3\" style=\"vertical-align:top\">\r\n			<p><strong>Тендерно-договірний відділ</strong></p>\r\n			</td>\r\n		</tr>\r\n		<tr>\r\n			<td style=\"vertical-align:top\">\r\n			<p>26</p>\r\n			</td>\r\n			<td style=\"vertical-align:top\">\r\n			<p>Заступник начальника відділу</p>\r\n			</td>\r\n			<td style=\"vertical-align:top\">\r\n			<p>1</p>\r\n			</td>\r\n		</tr>\r\n		<tr>\r\n			<td style=\"vertical-align:top\">\r\n			<p>27</p>\r\n			</td>\r\n			<td style=\"vertical-align:top\">\r\n			<p>Провідний фахівець з публічних закупівель</p>\r\n			</td>\r\n			<td style=\"vertical-align:top\">\r\n			<p>2</p>\r\n			</td>\r\n		</tr>\r\n		<tr>\r\n			<td colspan=\"2\" style=\"vertical-align:top\">\r\n			<p><strong><em>Усього по відділу</em></strong></p>\r\n			</td>\r\n			<td style=\"vertical-align:top\">\r\n			<p><strong>3</strong></p>\r\n			</td>\r\n		</tr>\r\n		<tr>\r\n			<td colspan=\"3\" style=\"vertical-align:top\">\r\n			<p><strong>Відділ бухгалтерського обліку</strong></p>\r\n			</td>\r\n		</tr>\r\n		<tr>\r\n			<td style=\"vertical-align:top\">\r\n			<p>28</p>\r\n			</td>\r\n			<td style=\"vertical-align:top\">\r\n			<p>Головний бухгалтер</p>\r\n			</td>\r\n			<td style=\"vertical-align:top\">\r\n			<p>1</p>\r\n			</td>\r\n		</tr>\r\n		<tr>\r\n			<td style=\"vertical-align:top\">\r\n			<p>29</p>\r\n			</td>\r\n			<td style=\"vertical-align:top\">\r\n			<p>Заступник головного бухгалтера</p>\r\n			</td>\r\n			<td style=\"vertical-align:top\">\r\n			<p>1</p>\r\n			</td>\r\n		</tr>\r\n		<tr>\r\n			<td style=\"vertical-align:top\">\r\n			<p>30</p>\r\n			</td>\r\n			<td style=\"vertical-align:top\">\r\n			<p>Провідний бухгалтер</p>\r\n			</td>\r\n			<td style=\"vertical-align:top\">\r\n			<p>1</p>\r\n			</td>\r\n		</tr>\r\n		<tr>\r\n			<td colspan=\"2\" style=\"vertical-align:top\">\r\n			<p><strong><em>Усього по відділу</em></strong></p>\r\n			</td>\r\n			<td style=\"vertical-align:top\">\r\n			<p><strong>3</strong></p>\r\n			</td>\r\n		</tr>\r\n		<tr>\r\n			<td colspan=\"3\" style=\"vertical-align:top\">\r\n			<p><strong>Господарський відділ</strong></p>\r\n			</td>\r\n		</tr>\r\n		<tr>\r\n			<td style=\"vertical-align:top\">\r\n			<p>31</p>\r\n			</td>\r\n			<td style=\"vertical-align:top\">\r\n			<p>Начальник відділу</p>\r\n			</td>\r\n			<td style=\"vertical-align:top\">\r\n			<p>1</p>\r\n			</td>\r\n		</tr>\r\n		<tr>\r\n			<td style=\"vertical-align:top\">\r\n			<p>32</p>\r\n			</td>\r\n			<td style=\"vertical-align:top\">\r\n			<p>Прибиральник службових приміщень</p>\r\n			</td>\r\n			<td style=\"vertical-align:top\">\r\n			<p>1</p>\r\n			</td>\r\n		</tr>\r\n		<tr>\r\n			<td style=\"vertical-align:top\">\r\n			<p>33</p>\r\n			</td>\r\n			<td style=\"vertical-align:top\">\r\n			<p>Прибиральник територій</p>\r\n			</td>\r\n			<td style=\"vertical-align:top\">\r\n			<p>1</p>\r\n			</td>\r\n		</tr>\r\n		<tr>\r\n			<td colspan=\"2\" style=\"vertical-align:top\">\r\n			<p><strong><em>Усього по відділу</em></strong></p>\r\n			</td>\r\n			<td style=\"vertical-align:top\">\r\n			<p><strong>3</strong></p>\r\n			</td>\r\n		</tr>\r\n		<tr>\r\n			<td colspan=\"2\" style=\"vertical-align:top\">\r\n			<p><strong><em>Усього</em></strong></p>\r\n			</td>\r\n			<td style=\"vertical-align:top\">\r\n			<p><strong>43</strong></p>\r\n			</td>\r\n		</tr>\r\n	</tbody>\r\n</table>', NULL, NULL, 1, '2020-01-09 16:23:54', '2020-01-16 18:58:39'),
(6, 'Про держпідприємство', NULL, '<p>опис (З першого січня 2018 року автодороги загального користування місцевого значення в межах Запорізької області були передані на баланс облдержадміністрації. Вже з 1 липня 2019 року місцеві автошляхи підпорядковані ДП &laquo;Місцеві дороги Запорізької області&raquo;. За цей час держпідприємство&hellip;).</p>', NULL, NULL, 1, '2020-01-09 16:50:35', '2020-01-09 16:50:35'),
(7, 'Опис', NULL, '<p>З першого січня 2018 року автодороги загального користування місцевого значення в межах Запорізької області були передані на баланс облдержадміністрації. Вже з 1 липня 2019 року місцеві автошляхи підпорядковані ДП &laquo;Місцеві дороги Запорізької області&raquo;. За цей час держпідприємство</p>', NULL, NULL, 1, '2020-01-10 09:26:27', '2020-01-10 09:26:27'),
(8, 'Основні завдання та нормативно-правові засади діяльності', NULL, NULL, NULL, NULL, 1, '2020-01-10 09:27:17', '2020-01-10 09:27:17'),
(9, 'Розпорядок роботи органу та час прийому керівництва', NULL, NULL, NULL, NULL, 1, '2020-01-10 09:27:39', '2020-01-10 09:27:39'),
(10, 'Вакансії', NULL, NULL, NULL, NULL, 1, '2020-01-10 09:28:00', '2020-01-10 09:28:00'),
(11, 'Новини', NULL, NULL, NULL, NULL, 1, '2020-01-10 09:49:05', '2020-01-10 09:49:05'),
(12, 'Анонси', NULL, NULL, NULL, NULL, 1, '2020-01-10 09:49:22', '2020-01-10 09:49:22'),
(13, 'Фотогалерея', NULL, NULL, NULL, NULL, 1, '2020-01-10 09:49:35', '2020-01-10 09:49:35'),
(14, 'Відеогалерея', NULL, NULL, NULL, NULL, 1, '2020-01-10 09:50:03', '2020-01-10 09:50:03'),
(15, 'Виконані заходи', NULL, NULL, NULL, NULL, 1, '2020-01-11 09:30:08', '2020-02-15 12:20:13'),
(16, 'Дорожні роботи', NULL, NULL, NULL, NULL, 1, '2020-01-11 09:30:31', '2020-01-11 09:30:31'),
(17, 'Ліквідація ямковості', NULL, NULL, NULL, NULL, 1, '2020-01-11 09:30:58', '2020-01-11 09:30:58'),
(18, 'Заплановані роботи', NULL, NULL, NULL, NULL, 1, '2020-01-11 09:31:15', '2020-02-15 12:04:14'),
(19, 'Підприємства, установи та організації, що належать до сфери управління органу', NULL, NULL, NULL, NULL, 1, '2020-01-11 09:31:30', '2020-01-11 09:31:30'),
(20, 'Фінансово-економічна діяльність', NULL, NULL, NULL, NULL, 1, '2020-01-11 09:31:45', '2020-01-11 09:31:45'),
(21, 'Державні (публічні) закупівлі', NULL, '<p><a href=\"https://prozorro.gov.ua/tender/search/?query=42698149\">Прозоро</a></p>', NULL, NULL, 1, '2020-01-11 09:32:01', '2020-02-02 18:35:10'),
(22, 'Оголошення', NULL, '<p>ображение выше - это не кадр из сериала Джона Фавро &quot;<strong>Мандалорец</strong>&quot;, а&nbsp;фотография полноразмерной статуэтки малыша Йоды от компаний&nbsp;<strong>Sideshow Collectibles</strong>&nbsp;и&nbsp;<strong>Legacy Effects</strong>, и она может стать вашей &quot;всего&quot; за 350 долларов (почти&nbsp;<strong>22,5 тысячи рублей</strong>). Предзаказ можно оформить на&nbsp;<a href=\"https://www.sideshow.com/collectibles/star-wars-the-child-sideshow-collectibles-400369\" target=\"_blank\">сайте</a>&nbsp;производителя, а первые поставки покупателям начнутся ориентировочно с августа по октябрь, как раз накануне старта второго сезона шоу.</p>', 'Мандалорец', 'дисней, сериал', 1, '2020-01-11 09:47:53', '2020-02-03 08:30:10'),
(23, 'Розпорядження', NULL, NULL, NULL, NULL, 1, '2020-01-11 09:48:08', '2020-02-05 15:44:12');

--
-- Индексы сохранённых таблиц
--

--
-- Индексы таблицы `articles`
--
ALTER TABLE `articles`
  ADD PRIMARY KEY (`id`),
  ADD KEY `articles_id_user_foreign` (`id_user`),
  ADD KEY `articles_id_type_foreign` (`id_type`);

--
-- Индексы таблицы `block_news`
--
ALTER TABLE `block_news`
  ADD PRIMARY KEY (`id`),
  ADD UNIQUE KEY `block_news_id_articles_unique` (`id_articles`);

--
-- Индексы таблицы `data_rows`
--
ALTER TABLE `data_rows`
  ADD PRIMARY KEY (`id`),
  ADD KEY `data_rows_data_type_id_foreign` (`data_type_id`);

--
-- Индексы таблицы `data_types`
--
ALTER TABLE `data_types`
  ADD PRIMARY KEY (`id`),
  ADD UNIQUE KEY `data_types_name_unique` (`name`),
  ADD UNIQUE KEY `data_types_slug_unique` (`slug`);

--
-- Индексы таблицы `failed_jobs`
--
ALTER TABLE `failed_jobs`
  ADD PRIMARY KEY (`id`);

--
-- Индексы таблицы `files`
--
ALTER TABLE `files`
  ADD PRIMARY KEY (`id`);

--
-- Индексы таблицы `files_pg_ar`
--
ALTER TABLE `files_pg_ar`
  ADD PRIMARY KEY (`id`),
  ADD KEY `files_pg_ar_id_files_foreign` (`id_files`),
  ADD KEY `files_pg_ar_id_pages_foreign` (`id_pages`),
  ADD KEY `files_pg_ar_id_articles_foreign` (`id_articles`);

--
-- Индексы таблицы `images`
--
ALTER TABLE `images`
  ADD PRIMARY KEY (`id`);

--
-- Индексы таблицы `images_pg_ar`
--
ALTER TABLE `images_pg_ar`
  ADD PRIMARY KEY (`id`),
  ADD KEY `images_pg_ar_id_images_foreign` (`id_images`),
  ADD KEY `images_pg_ar_id_pages_foreign` (`id_pages`),
  ADD KEY `images_pg_ar_id_articles_foreign` (`id_articles`);

--
-- Индексы таблицы `maps`
--
ALTER TABLE `maps`
  ADD PRIMARY KEY (`id`);

--
-- Индексы таблицы `menus`
--
ALTER TABLE `menus`
  ADD PRIMARY KEY (`id`),
  ADD UNIQUE KEY `menus_name_unique` (`name`);

--
-- Индексы таблицы `menu_items`
--
ALTER TABLE `menu_items`
  ADD PRIMARY KEY (`id`),
  ADD KEY `menu_items_menu_id_foreign` (`menu_id`);

--
-- Индексы таблицы `migrations`
--
ALTER TABLE `migrations`
  ADD PRIMARY KEY (`id`);

--
-- Индексы таблицы `password_resets`
--
ALTER TABLE `password_resets`
  ADD KEY `password_resets_email_index` (`email`);

--
-- Индексы таблицы `permissions`
--
ALTER TABLE `permissions`
  ADD PRIMARY KEY (`id`),
  ADD KEY `permissions_key_index` (`key`);

--
-- Индексы таблицы `permission_role`
--
ALTER TABLE `permission_role`
  ADD PRIMARY KEY (`permission_id`,`role_id`),
  ADD KEY `permission_role_permission_id_index` (`permission_id`),
  ADD KEY `permission_role_role_id_index` (`role_id`);

--
-- Индексы таблицы `regions`
--
ALTER TABLE `regions`
  ADD PRIMARY KEY (`id`);

--
-- Индексы таблицы `roads`
--
ALTER TABLE `roads`
  ADD PRIMARY KEY (`id`),
  ADD KEY `roads_id_user_foreign` (`id_user`),
  ADD KEY `roads_id_type_foreign` (`id_type`),
  ADD KEY `roads_id_region_foreign` (`id_region`);

--
-- Индексы таблицы `roles`
--
ALTER TABLE `roles`
  ADD PRIMARY KEY (`id`),
  ADD UNIQUE KEY `roles_name_unique` (`name`);

--
-- Индексы таблицы `settings`
--
ALTER TABLE `settings`
  ADD PRIMARY KEY (`id`),
  ADD UNIQUE KEY `settings_key_unique` (`key`);

--
-- Индексы таблицы `stan_dorig`
--
ALTER TABLE `stan_dorig`
  ADD PRIMARY KEY (`id`),
  ADD KEY `stan_dorig_id_user_foreign` (`id_user`);

--
-- Индексы таблицы `translations`
--
ALTER TABLE `translations`
  ADD PRIMARY KEY (`id`),
  ADD UNIQUE KEY `translations_table_name_column_name_foreign_key_locale_unique` (`table_name`,`column_name`,`foreign_key`,`locale`);

--
-- Индексы таблицы `type_articles`
--
ALTER TABLE `type_articles`
  ADD PRIMARY KEY (`id`);

--
-- Индексы таблицы `type_roads`
--
ALTER TABLE `type_roads`
  ADD PRIMARY KEY (`id`);

--
-- Индексы таблицы `users`
--
ALTER TABLE `users`
  ADD PRIMARY KEY (`id`),
  ADD UNIQUE KEY `users_email_unique` (`email`),
  ADD KEY `users_role_id_foreign` (`role_id`);

--
-- Индексы таблицы `user_roles`
--
ALTER TABLE `user_roles`
  ADD PRIMARY KEY (`user_id`,`role_id`),
  ADD KEY `user_roles_user_id_index` (`user_id`),
  ADD KEY `user_roles_role_id_index` (`role_id`);

--
-- Индексы таблицы `web_pages`
--
ALTER TABLE `web_pages`
  ADD PRIMARY KEY (`id`);

--
-- AUTO_INCREMENT для сохранённых таблиц
--

--
-- AUTO_INCREMENT для таблицы `articles`
--
ALTER TABLE `articles`
  MODIFY `id` bigint(20) UNSIGNED NOT NULL AUTO_INCREMENT, AUTO_INCREMENT=20;

--
-- AUTO_INCREMENT для таблицы `block_news`
--
ALTER TABLE `block_news`
  MODIFY `id` bigint(20) UNSIGNED NOT NULL AUTO_INCREMENT, AUTO_INCREMENT=55;

--
-- AUTO_INCREMENT для таблицы `data_rows`
--
ALTER TABLE `data_rows`
  MODIFY `id` int(10) UNSIGNED NOT NULL AUTO_INCREMENT, AUTO_INCREMENT=32;

--
-- AUTO_INCREMENT для таблицы `data_types`
--
ALTER TABLE `data_types`
  MODIFY `id` int(10) UNSIGNED NOT NULL AUTO_INCREMENT, AUTO_INCREMENT=7;

--
-- AUTO_INCREMENT для таблицы `failed_jobs`
--
ALTER TABLE `failed_jobs`
  MODIFY `id` bigint(20) UNSIGNED NOT NULL AUTO_INCREMENT;

--
-- AUTO_INCREMENT для таблицы `files`
--
ALTER TABLE `files`
  MODIFY `id` bigint(20) UNSIGNED NOT NULL AUTO_INCREMENT, AUTO_INCREMENT=2;

--
-- AUTO_INCREMENT для таблицы `files_pg_ar`
--
ALTER TABLE `files_pg_ar`
  MODIFY `id` bigint(20) UNSIGNED NOT NULL AUTO_INCREMENT, AUTO_INCREMENT=2;

--
-- AUTO_INCREMENT для таблицы `images`
--
ALTER TABLE `images`
  MODIFY `id` bigint(20) UNSIGNED NOT NULL AUTO_INCREMENT, AUTO_INCREMENT=186;

--
-- AUTO_INCREMENT для таблицы `images_pg_ar`
--
ALTER TABLE `images_pg_ar`
  MODIFY `id` bigint(20) UNSIGNED NOT NULL AUTO_INCREMENT, AUTO_INCREMENT=121;

--
-- AUTO_INCREMENT для таблицы `maps`
--
ALTER TABLE `maps`
  MODIFY `id` bigint(20) UNSIGNED NOT NULL AUTO_INCREMENT, AUTO_INCREMENT=2;

--
-- AUTO_INCREMENT для таблицы `menus`
--
ALTER TABLE `menus`
  MODIFY `id` int(10) UNSIGNED NOT NULL AUTO_INCREMENT, AUTO_INCREMENT=3;

--
-- AUTO_INCREMENT для таблицы `menu_items`
--
ALTER TABLE `menu_items`
  MODIFY `id` int(10) UNSIGNED NOT NULL AUTO_INCREMENT, AUTO_INCREMENT=102;

--
-- AUTO_INCREMENT для таблицы `migrations`
--
ALTER TABLE `migrations`
  MODIFY `id` int(10) UNSIGNED NOT NULL AUTO_INCREMENT, AUTO_INCREMENT=81;

--
-- AUTO_INCREMENT для таблицы `permissions`
--
ALTER TABLE `permissions`
  MODIFY `id` bigint(20) UNSIGNED NOT NULL AUTO_INCREMENT, AUTO_INCREMENT=52;

--
-- AUTO_INCREMENT для таблицы `regions`
--
ALTER TABLE `regions`
  MODIFY `id` bigint(20) UNSIGNED NOT NULL AUTO_INCREMENT, AUTO_INCREMENT=21;

--
-- AUTO_INCREMENT для таблицы `roads`
--
ALTER TABLE `roads`
  MODIFY `id` bigint(20) UNSIGNED NOT NULL AUTO_INCREMENT, AUTO_INCREMENT=41;

--
-- AUTO_INCREMENT для таблицы `roles`
--
ALTER TABLE `roles`
  MODIFY `id` bigint(20) UNSIGNED NOT NULL AUTO_INCREMENT, AUTO_INCREMENT=5;

--
-- AUTO_INCREMENT для таблицы `settings`
--
ALTER TABLE `settings`
  MODIFY `id` int(10) UNSIGNED NOT NULL AUTO_INCREMENT, AUTO_INCREMENT=11;

--
-- AUTO_INCREMENT для таблицы `stan_dorig`
--
ALTER TABLE `stan_dorig`
  MODIFY `id` bigint(20) UNSIGNED NOT NULL AUTO_INCREMENT, AUTO_INCREMENT=3;

--
-- AUTO_INCREMENT для таблицы `translations`
--
ALTER TABLE `translations`
  MODIFY `id` int(10) UNSIGNED NOT NULL AUTO_INCREMENT, AUTO_INCREMENT=31;

--
-- AUTO_INCREMENT для таблицы `type_articles`
--
ALTER TABLE `type_articles`
  MODIFY `id` bigint(20) UNSIGNED NOT NULL AUTO_INCREMENT, AUTO_INCREMENT=3;

--
-- AUTO_INCREMENT для таблицы `type_roads`
--
ALTER TABLE `type_roads`
  MODIFY `id` bigint(20) UNSIGNED NOT NULL AUTO_INCREMENT, AUTO_INCREMENT=3;

--
-- AUTO_INCREMENT для таблицы `users`
--
ALTER TABLE `users`
  MODIFY `id` bigint(20) UNSIGNED NOT NULL AUTO_INCREMENT, AUTO_INCREMENT=5;

--
-- AUTO_INCREMENT для таблицы `web_pages`
--
ALTER TABLE `web_pages`
  MODIFY `id` bigint(20) UNSIGNED NOT NULL AUTO_INCREMENT, AUTO_INCREMENT=24;

--
-- Ограничения внешнего ключа сохраненных таблиц
--

--
-- Ограничения внешнего ключа таблицы `articles`
--
ALTER TABLE `articles`
  ADD CONSTRAINT `articles_id_type_foreign` FOREIGN KEY (`id_type`) REFERENCES `type_articles` (`id`),
  ADD CONSTRAINT `articles_id_user_foreign` FOREIGN KEY (`id_user`) REFERENCES `users` (`id`);

--
-- Ограничения внешнего ключа таблицы `block_news`
--
ALTER TABLE `block_news`
  ADD CONSTRAINT `block_news_id_articles_foreign` FOREIGN KEY (`id_articles`) REFERENCES `articles` (`id`);

--
-- Ограничения внешнего ключа таблицы `data_rows`
--
ALTER TABLE `data_rows`
  ADD CONSTRAINT `data_rows_data_type_id_foreign` FOREIGN KEY (`data_type_id`) REFERENCES `data_types` (`id`) ON DELETE CASCADE ON UPDATE CASCADE;

--
-- Ограничения внешнего ключа таблицы `files_pg_ar`
--
ALTER TABLE `files_pg_ar`
  ADD CONSTRAINT `files_pg_ar_id_articles_foreign` FOREIGN KEY (`id_articles`) REFERENCES `articles` (`id`),
  ADD CONSTRAINT `files_pg_ar_id_files_foreign` FOREIGN KEY (`id_files`) REFERENCES `files` (`id`),
  ADD CONSTRAINT `files_pg_ar_id_pages_foreign` FOREIGN KEY (`id_pages`) REFERENCES `web_pages` (`id`);

--
-- Ограничения внешнего ключа таблицы `images_pg_ar`
--
ALTER TABLE `images_pg_ar`
  ADD CONSTRAINT `images_pg_ar_id_articles_foreign` FOREIGN KEY (`id_articles`) REFERENCES `articles` (`id`),
  ADD CONSTRAINT `images_pg_ar_id_images_foreign` FOREIGN KEY (`id_images`) REFERENCES `images` (`id`),
  ADD CONSTRAINT `images_pg_ar_id_pages_foreign` FOREIGN KEY (`id_pages`) REFERENCES `web_pages` (`id`);

--
-- Ограничения внешнего ключа таблицы `menu_items`
--
ALTER TABLE `menu_items`
  ADD CONSTRAINT `menu_items_menu_id_foreign` FOREIGN KEY (`menu_id`) REFERENCES `menus` (`id`) ON DELETE CASCADE;

--
-- Ограничения внешнего ключа таблицы `permission_role`
--
ALTER TABLE `permission_role`
  ADD CONSTRAINT `permission_role_permission_id_foreign` FOREIGN KEY (`permission_id`) REFERENCES `permissions` (`id`) ON DELETE CASCADE,
  ADD CONSTRAINT `permission_role_role_id_foreign` FOREIGN KEY (`role_id`) REFERENCES `roles` (`id`) ON DELETE CASCADE;

--
-- Ограничения внешнего ключа таблицы `roads`
--
ALTER TABLE `roads`
  ADD CONSTRAINT `roads_id_region_foreign` FOREIGN KEY (`id_region`) REFERENCES `regions` (`id`),
  ADD CONSTRAINT `roads_id_type_foreign` FOREIGN KEY (`id_type`) REFERENCES `type_roads` (`id`),
  ADD CONSTRAINT `roads_id_user_foreign` FOREIGN KEY (`id_user`) REFERENCES `users` (`id`);

--
-- Ограничения внешнего ключа таблицы `stan_dorig`
--
ALTER TABLE `stan_dorig`
  ADD CONSTRAINT `stan_dorig_id_user_foreign` FOREIGN KEY (`id_user`) REFERENCES `users` (`id`);

--
-- Ограничения внешнего ключа таблицы `users`
--
ALTER TABLE `users`
  ADD CONSTRAINT `users_role_id_foreign` FOREIGN KEY (`role_id`) REFERENCES `roles` (`id`);

--
-- Ограничения внешнего ключа таблицы `user_roles`
--
ALTER TABLE `user_roles`
  ADD CONSTRAINT `user_roles_role_id_foreign` FOREIGN KEY (`role_id`) REFERENCES `roles` (`id`) ON DELETE CASCADE,
  ADD CONSTRAINT `user_roles_user_id_foreign` FOREIGN KEY (`user_id`) REFERENCES `users` (`id`) ON DELETE CASCADE;
COMMIT;

/*!40101 SET CHARACTER_SET_CLIENT=@OLD_CHARACTER_SET_CLIENT */;
/*!40101 SET CHARACTER_SET_RESULTS=@OLD_CHARACTER_SET_RESULTS */;
/*!40101 SET COLLATION_CONNECTION=@OLD_COLLATION_CONNECTION */;
